episode,reward,intercepted,breached,success_rate
1,2200.00,16,0,69.6
2,2200.00,16,0,72.7
3,2000.00,14,0,70.0
4,2400.00,18,0,75.0
5,2100.00,15,0,78.9
6,2100.00,15,0,71.4
7,1799.00,17,1,73.9
8,2700.00,21,0,84.0
9,2200.00,16,0,72.7
10,2400.00,18,0,78.3
11,2400.00,18,0,75.0
12,1799.00,17,1,81.0
13,1699.00,16,1,64.0
14,2300.00,17,0,77.3
15,2300.00,17,0,81.0
16,1900.00,13,0,65.0
17,2000.00,14,0,70.0
18,2100.00,15,0,68.2
19,2300.00,17,0,81.0
20,2400.00,18,0,72.0
21,2700.00,21,0,87.5
22,2700.00,21,0,75.0
23,1699.00,16,1,69.6
24,2100.00,15,0,75.0
25,2400.00,18,0,75.0
26,2200.00,16,0,80.0
27,2400.00,18,0,75.0
28,2299.00,22,1,84.6
29,2300.00,17,0,73.9
30,2600.00,20,0,90.9
31,2200.00,16,0,72.7
32,2300.00,17,0,73.9
33,1900.00,13,0,61.9
34,2400.00,18,0,72.0
35,1699.00,16,1,72.7
36,2100.00,15,0,62.5
37,2100.00,15,0,75.0
38,1399.00,13,1,65.0
39,2200.00,16,0,66.7
40,2200.00,16,0,80.0
41,2400.00,18,0,78.3
42,1999.00,19,1,76.0
43,2000.00,14,0,70.0
44,2100.00,15,0,71.4
45,2300.00,17,0,73.9
46,2600.00,20,0,80.0
47,1699.00,16,1,80.0
48,2300.00,17,0,77.3
49,1499.00,14,1,60.9
50,2100.00,15,0,71.4
51,1899.00,18,1,78.3
52,1699.00,16,1,66.7
53,2600.00,20,0,87.0
54,2400.00,18,0,78.3
55,1999.00,19,1,82.6
56,1900.00,13,0,68.4
57,898.00,13,2,59.1
58,2300.00,17,0,81.0
59,1899.00,18,1,85.7
60,2400.00,18,0,75.0
61,2300.00,17,0,73.9
62,2400.00,18,0,78.3
63,1899.00,18,1,78.3
64,1999.00,19,1,76.0
65,1699.00,16,1,69.6
66,2300.00,17,0,77.3
67,2100.00,15,0,83.3
68,2200.00,16,0,69.6
69,2400.00,18,0,72.0
70,2300.00,17,0,77.3
71,2199.00,21,1,84.0
72,2900.00,23,0,92.0
73,1999.00,19,1,76.0
74,2099.00,20,1,83.3
75,1599.00,15,1,78.9
76,2100.00,15,0,83.3
77,1799.00,17,1,70.8
78,2600.00,20,0,80.0
79,2900.00,23,0,92.0
80,2300.00,17,0,73.9
81,2300.00,17,0,81.0
82,2600.00,20,0,74.1
83,1899.00,18,1,75.0
84,1199.00,11,1,57.9
85,1800.00,12,0,63.2
86,2100.00,15,0,68.2
87,1900.00,13,0,54.2
88,2600.00,20,0,83.3
89,2600.00,20,0,80.0
90,2300.00,17,0,73.9
91,2300.00,17,0,77.3
92,1900.00,13,0,65.0
93,1900.00,13,0,68.4
94,1999.00,19,1,82.6
95,2500.00,19,0,79.2
96,2300.00,17,0,73.9
97,2000.00,14,0,60.9
98,1899.00,18,1,81.8
99,1399.00,13,1,65.0
100,2400.00,18,0,69.2
101,2400.00,18,0,75.0
102,2200.00,16,0,76.2
103,2100.00,15,0,62.5
104,1399.00,13,1,61.9
105,1699.00,16,1,61.5
106,1900.00,13,0,61.9
107,1699.00,16,1,76.2
108,2100.00,15,0,75.0
109,1799.00,17,1,73.9
110,2099.00,20,1,83.3
111,2000.00,14,0,73.7
112,2400.00,18,0,75.0
113,2100.00,15,0,75.0
114,2100.00,15,0,75.0
115,2500.00,19,0,79.2
116,2500.00,19,0,82.6
117,2300.00,17,0,65.4
118,2500.00,19,0,76.0
119,1399.00,13,1,54.2
120,2500.00,19,0,82.6
121,2300.00,17,0,77.3
122,2300.00,17,0,73.9
123,2200.00,16,0,59.3
124,2400.00,18,0,90.0
125,2700.00,21,0,80.8
126,2400.00,18,0,85.7
127,1899.00,18,1,69.2
128,1199.00,11,1,57.9
129,2100.00,15,0,68.2
130,2200.00,16,0,72.7
131,2500.00,19,0,76.0
132,2400.00,18,0,72.0
133,2100.00,15,0,71.4
134,2600.00,20,0,80.0
135,1799.00,17,1,70.8
136,2600.00,20,0,76.9
137,2000.00,14,0,58.3
138,2200.00,16,0,69.6
139,1900.00,13,0,54.2
140,1999.00,19,1,76.0
141,2100.00,15,0,78.9
142,2100.00,15,0,68.2
143,2100.00,15,0,75.0
144,1699.00,16,1,66.7
145,2500.00,19,0,82.6
146,2300.00,17,0,70.8
147,2099.00,20,1,74.1
148,2500.00,19,0,82.6
149,2300.00,17,0,70.8
150,2300.00,17,0,68.0
151,1800.00,12,0,57.1
152,2200.00,16,0,64.0
153,2300.00,17,0,73.9
154,2400.00,18,0,78.3
155,2500.00,19,0,76.0
156,2400.00,18,0,69.2
157,1900.00,13,0,72.2
158,1900.00,13,0,61.9
159,1199.00,11,1,55.0
160,1198.00,16,2,59.3
161,2300.00,17,0,68.0
162,2400.00,18,0,69.2
163,2400.00,18,0,81.8
164,1999.00,19,1,70.4
165,2500.00,19,0,86.4
166,2100.00,15,0,83.3
167,2199.00,21,1,77.8
168,1799.00,17,1,65.4
169,1299.00,12,1,60.0
170,2099.00,20,1,74.1
171,1900.00,13,0,56.5
172,2500.00,19,0,73.1
173,2400.00,18,0,64.3
174,1900.00,13,0,61.9
175,2400.00,18,0,78.3
176,2500.00,19,0,79.2
177,2200.00,16,0,72.7
178,2300.00,17,0,65.4
179,1699.00,16,1,84.2
180,2800.00,22,0,84.6
181,1999.00,19,1,79.2
182,2500.00,19,0,70.4
183,2000.00,14,0,58.3
184,1799.00,17,1,85.0
185,1399.00,13,1,68.4
186,2200.00,16,0,76.2
187,2500.00,19,0,86.4
188,1900.00,13,0,59.1
189,2200.00,16,0,66.7
190,2200.00,16,0,66.7
191,2199.00,21,1,80.8
192,2200.00,16,0,69.6
193,2400.00,18,0,78.3
194,2500.00,19,0,76.0
195,2200.00,16,0,72.7
196,2100.00,15,0,65.2
197,2300.00,17,0,77.3
198,2099.00,20,1,80.0
199,2600.00,20,0,74.1
200,1298.00,17,2,65.4
201,2800.00,22,0,95.7
202,2300.00,17,0,70.8
203,2400.00,18,0,75.0
204,1900.00,13,0,59.1
205,2500.00,19,0,90.5
206,2700.00,21,0,80.8
207,2400.00,18,0,75.0
208,1499.00,14,1,56.0
209,2600.00,20,0,83.3
210,1999.00,19,1,79.2
211,2400.00,18,0,90.0
212,1098.00,15,2,71.4
213,2000.00,14,0,66.7
214,1600.00,10,0,47.6
215,2100.00,15,0,68.2
216,1499.00,14,1,70.0
217,2300.00,17,0,70.8
218,1900.00,13,0,61.9
219,2300.00,17,0,68.0
220,2200.00,16,0,80.0
221,2500.00,19,0,82.6
222,2400.00,18,0,75.0
223,2500.00,19,0,82.6
224,2400.00,18,0,90.0
225,2100.00,15,0,75.0
226,1799.00,17,1,77.3
227,2200.00,16,0,61.5
228,2500.00,19,0,79.2
229,1399.00,13,1,59.1
230,1599.00,15,1,62.5
231,2200.00,16,0,84.2
232,1699.00,16,1,72.7
233,2300.00,17,0,70.8
234,2300.00,17,0,81.0
235,2700.00,21,0,77.8
236,2400.00,18,0,85.7
237,2100.00,15,0,65.2
238,2300.00,17,0,77.3
239,1999.00,19,1,82.6
240,2600.00,20,0,87.0
241,2700.00,21,0,95.5
242,2200.00,16,0,66.7
243,2800.00,22,0,88.0
244,2400.00,18,0,85.7
245,2300.00,17,0,77.3
246,1699.00,16,1,76.2
247,1399.00,13,1,56.5
248,2600.00,20,0,80.0
249,2400.00,18,0,78.3
250,2500.00,19,0,82.6
251,2400.00,18,0,75.0
252,1399.00,13,1,65.0
253,2000.00,14,0,60.9
254,2500.00,19,0,82.6
255,2400.00,18,0,78.3
256,1499.00,14,1,73.7
257,2400.00,18,0,78.3
258,1900.00,13,0,68.4
259,1700.00,11,0,57.9
260,2600.00,20,0,80.0
261,2400.00,18,0,94.7
262,1299.00,12,1,60.0
263,2400.00,18,0,81.8
264,2200.00,16,0,80.0
265,2300.00,17,0,77.3
266,1900.00,13,0,56.5
267,1799.00,17,1,70.8
268,2300.00,17,0,73.9
269,2100.00,15,0,71.4
270,2500.00,19,0,73.1
271,2000.00,14,0,60.9
272,2400.00,18,0,85.7
273,2100.00,15,0,65.2
274,2600.00,20,0,83.3
275,2500.00,19,0,79.2
276,1499.00,14,1,70.0
277,2200.00,16,0,76.2
278,2400.00,18,0,75.0
279,2700.00,21,0,77.8
280,2500.00,19,0,79.2
281,2200.00,16,0,64.0
282,2500.00,19,0,76.0
283,2500.00,19,0,79.2
284,2300.00,17,0,68.0
285,2300.00,17,0,85.0
286,2500.00,19,0,76.0
287,2600.00,20,0,74.1
288,1899.00,18,1,75.0
289,2500.00,19,0,73.1
290,2300.00,17,0,68.0
291,2700.00,21,0,77.8
292,2000.00,14,0,70.0
293,2600.00,20,0,80.0
294,2200.00,16,0,76.2
295,1399.00,13,1,68.4
296,2100.00,15,0,65.2
297,2400.00,18,0,75.0
298,1799.00,17,1,70.8
299,1900.00,13,0,65.0
300,1699.00,16,1,64.0
301,1900.00,13,0,59.1
302,1699.00,16,1,69.6
303,2600.00,20,0,80.0
304,2099.00,20,1,76.9
305,698.00,11,2,52.4
306,1900.00,13,0,61.9
307,2600.00,20,0,90.9
308,2800.00,22,0,81.5
309,2099.00,20,1,76.9
310,2500.00,19,0,76.0
311,2200.00,16,0,64.0
312,1899.00,18,1,78.3
313,2500.00,19,0,86.4
314,2300.00,17,0,70.8
315,2500.00,19,0,82.6
316,2600.00,20,0,76.9
317,2000.00,14,0,66.7
318,1900.00,13,0,68.4
319,2200.00,16,0,66.7
320,2099.00,20,1,87.0
321,2200.00,16,0,59.3
322,2200.00,16,0,69.6
323,1800.00,12,0,60.0
324,2100.00,15,0,62.5
325,2300.00,17,0,81.0
326,2099.00,20,1,87.0
327,2099.00,20,1,74.1
328,1899.00,18,1,66.7
329,1800.00,12,0,57.1
330,2400.00,18,0,72.0
331,2000.00,14,0,60.9
332,2500.00,19,0,76.0
333,2400.00,18,0,78.3
334,2300.00,17,0,65.4
335,2100.00,15,0,62.5
336,2200.00,16,0,72.7
337,2100.00,15,0,75.0
338,2800.00,22,0,88.0
339,2200.00,16,0,66.7
340,2700.00,21,0,87.5
341,2100.00,15,0,71.4
342,1800.00,12,0,63.2
343,2200.00,16,0,66.7
344,2800.00,22,0,78.6
345,2700.00,21,0,80.8
346,1699.00,16,1,76.2
347,1799.00,17,1,70.8
348,2400.00,18,0,72.0
349,2300.00,17,0,68.0
350,2100.00,15,0,71.4
351,2300.00,17,0,70.8
352,2300.00,17,0,77.3
353,2300.00,17,0,68.0
354,1399.00,13,1,59.1
355,2200.00,16,0,72.7
356,2100.00,15,0,65.2
357,2200.00,16,0,76.2
358,2300.00,17,0,77.3
359,2200.00,16,0,72.7
360,2300.00,17,0,73.9
361,1499.00,14,1,58.3
362,2700.00,21,0,87.5
363,998.00,14,2,66.7
364,1399.00,13,1,56.5
365,2000.00,14,0,60.9
366,2100.00,15,0,71.4
367,1799.00,17,1,60.7
368,1899.00,18,1,78.3
369,2200.00,16,0,64.0
370,1699.00,16,1,76.2
371,2299.00,22,1,78.6
372,2500.00,19,0,90.5
373,2600.00,20,0,80.0
374,2400.00,18,0,69.2
375,2400.00,18,0,81.8
376,1699.00,16,1,66.7
377,1599.00,15,1,60.0
378,1699.00,16,1,72.7
379,1498.00,19,2,76.0
380,2200.00,16,0,69.6
381,2100.00,15,0,62.5
382,1700.00,11,0,47.8
383,2200.00,16,0,66.7
384,2600.00,20,0,95.2
385,2200.00,16,0,66.7
386,2200.00,16,0,69.6
387,1900.00,13,0,59.1
388,1699.00,16,1,69.6
389,497.00,14,3,63.6
390,2000.00,14,0,60.9
391,2800.00,22,0,84.6
392,2300.00,17,0,85.0
393,2100.00,15,0,75.0
394,1599.00,15,1,57.7
395,2500.00,19,0,82.6
396,2300.00,17,0,70.8
397,2900.00,23,0,88.5
398,1699.00,16,1,80.0
399,1999.00,19,1,76.0
400,2300.00,17,0,81.0
401,2500.00,19,0,73.1
402,2300.00,17,0,73.9
403,2100.00,15,0,75.0
404,2500.00,19,0,79.2
405,2300.00,17,0,65.4
406,2000.00,14,0,58.3
407,2400.00,18,0,66.7
408,2300.00,17,0,81.0
409,2800.00,22,0,88.0
410,1398.00,18,2,69.2
411,1899.00,18,1,75.0
412,2200.00,16,0,69.6
413,998.00,14,2,63.6
414,2200.00,16,0,69.6
415,1900.00,13,0,59.1
416,1198.00,16,2,69.6
417,2200.00,16,0,76.2
418,2400.00,18,0,75.0
419,2500.00,19,0,76.0
420,1799.00,17,1,65.4
421,1499.00,14,1,63.6
422,1900.00,13,0,59.1
423,2400.00,18,0,78.3
424,2400.00,18,0,81.8
425,2600.00,20,0,87.0
426,1799.00,17,1,85.0
427,1699.00,16,1,69.6
428,2400.00,18,0,75.0
429,1498.00,19,2,73.1
430,2400.00,18,0,75.0
431,1098.00,15,2,75.0
432,2100.00,15,0,65.2
433,1599.00,15,1,62.5
434,1699.00,16,1,64.0
435,1800.00,12,0,63.2
436,2200.00,16,0,66.7
437,2100.00,15,0,68.2
438,2100.00,15,0,75.0
439,1399.00,13,1,61.9
440,1098.00,15,2,75.0
441,1799.00,17,1,89.5
442,2300.00,17,0,77.3
443,2500.00,19,0,76.0
444,1800.00,12,0,60.0
445,2100.00,15,0,71.4
446,2300.00,17,0,68.0
447,1599.00,15,1,62.5
448,2500.00,19,0,86.4
449,2500.00,19,0,79.2
450,2200.00,16,0,64.0
451,2300.00,17,0,81.0
452,1598.00,20,2,76.9
453,2400.00,18,0,72.0
454,2300.00,17,0,81.0
455,2000.00,14,0,70.0
456,1599.00,15,1,71.4
457,2600.00,20,0,83.3
458,1499.00,14,1,60.9
459,1699.00,16,1,72.7
460,2300.00,17,0,85.0
461,1599.00,15,1,75.0
462,2700.00,21,0,80.8
463,2400.00,18,0,69.2
464,2100.00,15,0,78.9
465,2700.00,21,0,95.5
466,1799.00,17,1,70.8
467,1399.00,13,1,59.1
468,2100.00,15,0,71.4
469,1900.00,13,0,59.1
470,2600.00,20,0,83.3
471,2200.00,16,0,69.6
472,2600.00,20,0,76.9
473,2500.00,19,0,73.1
474,2099.00,20,1,80.0
475,1900.00,13,0,54.2
476,2300.00,17,0,73.9
477,2100.00,15,0,68.2
478,2400.00,18,0,72.0
479,1699.00,16,1,80.0
480,2400.00,18,0,78.3
481,2700.00,21,0,84.0
482,2400.00,18,0,72.0
483,2600.00,20,0,76.9
484,2200.00,16,0,80.0
485,2200.00,16,0,69.6
486,2400.00,18,0,72.0
487,2400.00,18,0,81.8
488,1699.00,16,1,69.6
489,1699.00,16,1,69.6
490,2700.00,21,0,77.8
491,2100.00,15,0,62.5
492,1598.00,20,2,80.0
493,2000.00,14,0,63.6
494,2600.00,20,0,87.0
495,2200.00,16,0,72.7
496,2500.00,19,0,90.5
497,1899.00,18,1,75.0
498,2400.00,18,0,69.2
499,2300.00,17,0,73.9
500,2500.00,19,0,76.0
501,3000.00,24,0,88.9
502,2600.00,20,0,76.9
503,2400.00,18,0,72.0
504,1900.00,13,0,61.9
505,1900.00,13,0,61.9
506,2300.00,17,0,81.0
507,1900.00,13,0,59.1
508,1499.00,14,1,73.7
509,2000.00,14,0,70.0
510,2600.00,20,0,87.0
511,2300.00,17,0,65.4
512,2200.00,16,0,66.7
513,2700.00,21,0,84.0
514,2000.00,14,0,66.7
515,2400.00,18,0,78.3
516,2300.00,17,0,77.3
517,2400.00,18,0,75.0
518,2600.00,20,0,74.1
519,2300.00,17,0,81.0
520,2000.00,14,0,66.7
521,1499.00,14,1,58.3
522,1599.00,15,1,62.5
523,2600.00,20,0,74.1
524,2200.00,16,0,64.0
525,2200.00,16,0,66.7
526,2600.00,20,0,87.0
527,2100.00,15,0,62.5
528,2400.00,18,0,81.8
529,2300.00,17,0,77.3
530,1399.00,13,1,56.5
531,1499.00,14,1,66.7
532,1900.00,13,0,65.0
533,2200.00,16,0,76.2
534,2400.00,18,0,69.2
535,2200.00,16,0,80.0
536,998.00,14,2,66.7
537,1900.00,13,0,56.5
538,2400.00,18,0,81.8
539,2400.00,18,0,85.7
540,2300.00,17,0,70.8
541,2100.00,15,0,65.2
542,2400.00,18,0,81.8
543,1499.00,14,1,53.8
544,3000.00,24,0,92.3
545,1799.00,17,1,70.8
546,1800.00,12,0,60.0
547,2200.00,16,0,72.7
548,2600.00,20,0,76.9
549,2200.00,16,0,76.2
550,2600.00,20,0,87.0
551,2500.00,19,0,95.0
552,2500.00,19,0,73.1
553,2400.00,18,0,81.8
554,2200.00,16,0,76.2
555,2100.00,15,0,65.2
556,1700.00,11,0,57.9
557,2100.00,15,0,71.4
558,2000.00,14,0,70.0
559,2100.00,15,0,68.2
560,1999.00,19,1,76.0
561,2500.00,19,0,76.0
562,2500.00,19,0,79.2
563,1900.00,13,0,56.5
564,2500.00,19,0,73.1
565,2100.00,15,0,71.4
566,2400.00,18,0,81.8
567,2199.00,21,1,87.5
568,2400.00,18,0,90.0
569,1399.00,13,1,59.1
570,2000.00,14,0,66.7
571,2700.00,21,0,77.8
572,2300.00,17,0,85.0
573,1098.00,15,2,68.2
574,2400.00,18,0,78.3
575,1900.00,13,0,72.2
576,798.00,12,2,57.1
577,2099.00,20,1,80.0
578,2000.00,14,0,73.7
579,2100.00,15,0,71.4
580,2099.00,20,1,74.1
581,2200.00,16,0,59.3
582,2400.00,18,0,78.3
583,1999.00,19,1,82.6
584,1499.00,14,1,60.9
585,2100.00,15,0,68.2
586,2300.00,17,0,73.9
587,2400.00,18,0,72.0
588,2400.00,18,0,75.0
589,1899.00,18,1,72.0
590,2800.00,22,0,78.6
591,2500.00,19,0,76.0
592,1900.00,13,0,68.4
593,2100.00,15,0,75.0
594,2200.00,16,0,66.7
595,1800.00,12,0,63.2
596,2600.00,20,0,95.2
597,1999.00,19,1,76.0
598,1900.00,13,0,59.1
599,2100.00,15,0,71.4
600,1499.00,14,1,63.6
601,2300.00,17,0,85.0
602,2600.00,20,0,80.0
603,2900.00,23,0,85.2
604,2000.00,14,0,58.3
605,1599.00,15,1,68.2
606,2200.00,16,0,84.2
607,2400.00,18,0,78.3
608,2199.00,21,1,84.0
609,1699.00,16,1,69.6
610,2500.00,19,0,79.2
611,2000.00,14,0,66.7
612,2400.00,18,0,72.0
613,2000.00,14,0,66.7
614,2300.00,17,0,77.3
615,2200.00,16,0,69.6
616,1999.00,19,1,79.2
617,2000.00,14,0,73.7
618,2000.00,14,0,66.7
619,2300.00,17,0,77.3
620,1299.00,12,1,57.1
621,2200.00,16,0,76.2
622,2100.00,15,0,65.2
623,2400.00,18,0,75.0
624,2300.00,17,0,77.3
625,2200.00,16,0,84.2
626,1799.00,17,1,65.4
627,2300.00,17,0,68.0
628,1900.00,13,0,50.0
629,2700.00,21,0,75.0
630,2500.00,19,0,73.1
631,1700.00,11,0,57.9
632,2600.00,20,0,80.0
633,2100.00,15,0,75.0
634,2000.00,14,0,66.7
635,1599.00,15,1,68.2
636,2500.00,19,0,76.0
637,2000.00,14,0,58.3
638,2000.00,14,0,60.9
639,1399.00,13,1,59.1
640,2200.00,16,0,66.7
641,2200.00,16,0,80.0
642,2100.00,15,0,75.0
643,2200.00,16,0,76.2
644,1599.00,15,1,65.2
645,1398.00,18,2,75.0
646,2200.00,16,0,66.7
647,2200.00,16,0,76.2
648,2600.00,20,0,80.0
649,2200.00,16,0,76.2
650,1799.00,17,1,70.8
651,2200.00,16,0,76.2
652,2099.00,20,1,80.0
653,2300.00,17,0,70.8
654,1600.00,10,0,55.6
655,1899.00,18,1,75.0
656,1900.00,13,0,68.4
657,2100.00,15,0,65.2
658,2100.00,15,0,62.5
659,2900.00,23,0,88.5
660,1899.00,18,1,78.3
661,2900.00,23,0,85.2
662,1498.00,19,2,73.1
663,1700.00,11,0,55.0
664,2500.00,19,0,79.2
665,1899.00,18,1,75.0
666,2000.00,14,0,56.0
667,1900.00,13,0,59.1
668,2300.00,17,0,73.9
669,2400.00,18,0,72.0
670,2200.00,16,0,76.2
671,2200.00,16,0,69.6
672,2000.00,14,0,63.6
673,2400.00,18,0,81.8
674,2100.00,15,0,65.2
675,2100.00,15,0,75.0
676,2100.00,15,0,78.9
677,1299.00,12,1,63.2
678,2500.00,19,0,86.4
679,2500.00,19,0,82.6
680,2200.00,16,0,84.2
681,2299.00,22,1,84.6
682,2300.00,17,0,85.0
683,2300.00,17,0,81.0
684,1800.00,12,0,52.2
685,2500.00,19,0,82.6
686,1599.00,15,1,65.2
687,1799.00,17,1,70.8
688,2500.00,19,0,86.4
689,2200.00,16,0,69.6
690,2500.00,19,0,82.6
691,2500.00,19,0,73.1
692,1498.00,19,2,79.2
693,1198.00,16,2,69.6
694,1198.00,16,2,66.7
695,2500.00,19,0,76.0
696,2500.00,19,0,82.6
697,2500.00,19,0,73.1
698,2300.00,17,0,81.0
699,2400.00,18,0,72.0
700,2400.00,18,0,85.7
701,2300.00,17,0,68.0
702,1799.00,17,1,73.9
703,1999.00,19,1,73.1
704,2600.00,20,0,87.0
705,2100.00,15,0,75.0
706,2600.00,20,0,71.4
707,1999.00,19,1,73.1
708,2200.00,16,0,66.7
709,1900.00,13,0,65.0
710,2600.00,20,0,80.0
711,1699.00,16,1,69.6
712,2400.00,18,0,75.0
713,2400.00,18,0,78.3
714,2200.00,16,0,76.2
715,2300.00,17,0,73.9
716,2600.00,20,0,83.3
717,1800.00,12,0,60.0
718,2300.00,17,0,68.0
719,2400.00,18,0,81.8
720,2800.00,22,0,78.6
721,2700.00,21,0,84.0
722,2299.00,22,1,81.5
723,2800.00,22,0,88.0
724,2300.00,17,0,73.9
725,2000.00,14,0,63.6
726,2700.00,21,0,87.5
727,1699.00,16,1,66.7
728,1599.00,15,1,62.5
729,2100.00,15,0,65.2
730,2100.00,15,0,68.2
731,2400.00,18,0,78.3
732,2300.00,17,0,73.9
733,2500.00,19,0,79.2
734,2200.00,16,0,69.6
735,2100.00,15,0,71.4
736,2800.00,22,0,84.6
737,2200.00,16,0,66.7
738,1900.00,13,0,59.1
739,2200.00,16,0,76.2
740,1599.00,15,1,65.2
741,1999.00,19,1,76.0
742,2400.00,18,0,75.0
743,2200.00,16,0,76.2
744,1899.00,18,1,75.0
745,1599.00,15,1,62.5
746,3100.00,25,0,96.2
747,2500.00,19,0,82.6
748,2600.00,20,0,80.0
749,2100.00,15,0,65.2
750,1699.00,16,1,72.7
751,2900.00,23,0,88.5
752,1599.00,15,1,68.2
753,1799.00,17,1,81.0
754,1700.00,11,0,47.8
755,1198.00,16,2,59.3
756,2200.00,16,0,72.7
757,2700.00,21,0,84.0
758,2300.00,17,0,73.9
759,2100.00,15,0,65.2
760,1499.00,14,1,66.7
761,2500.00,19,0,73.1
762,2200.00,16,0,76.2
763,2700.00,21,0,87.5
764,1999.00,19,1,82.6
765,2100.00,15,0,62.5
766,2600.00,20,0,76.9
767,1999.00,19,1,73.1
768,2200.00,16,0,57.1
769,2600.00,20,0,83.3
770,2500.00,19,0,82.6
771,2900.00,23,0,82.1
772,2300.00,17,0,63.0
773,1899.00,18,1,75.0
774,2400.00,18,0,85.7
775,2600.00,20,0,74.1
776,2400.00,18,0,81.8
777,2100.00,15,0,57.7
778,2300.00,17,0,70.8
779,2400.00,18,0,75.0
780,2300.00,17,0,77.3
781,2199.00,21,1,80.8
782,1599.00,15,1,65.2
783,2400.00,18,0,78.3
784,2100.00,15,0,62.5
785,1498.00,19,2,82.6
786,497.00,14,3,60.9
787,2200.00,16,0,66.7
788,2100.00,15,0,62.5
789,2100.00,15,0,71.4
790,2200.00,16,0,66.7
791,2500.00,19,0,76.0
792,2200.00,16,0,76.2
793,2000.00,14,0,77.8
794,1799.00,17,1,77.3
795,2000.00,14,0,63.6
796,1900.00,13,0,65.0
797,1499.00,14,1,70.0
798,2500.00,19,0,90.5
799,2400.00,18,0,85.7
800,2600.00,20,0,83.3
801,2600.00,20,0,76.9
802,1699.00,16,1,72.7
803,2100.00,15,0,71.4
804,2700.00,21,0,77.8
805,2200.00,16,0,66.7
806,2700.00,21,0,80.8
807,2100.00,15,0,71.4
808,2200.00,16,0,72.7
809,2167.00,21,0,100.0
810,2600.00,20,0,83.3
811,2600.00,20,0,76.9
812,1699.00,16,1,64.0
813,2200.00,16,0,66.7
814,1900.00,13,0,59.1
815,2099.00,20,1,71.4
816,2600.00,20,0,76.9
817,1699.00,16,1,64.0
818,2300.00,17,0,89.5
819,3100.00,25,0,96.2
820,2200.00,16,0,69.6
821,2400.00,18,0,75.0
822,998.00,14,2,70.0
823,2300.00,17,0,81.0
824,2200.00,16,0,76.2
825,1999.00,19,1,76.0
826,2000.00,14,0,60.9
827,2300.00,17,0,70.8
828,2200.00,16,0,72.7
829,2500.00,19,0,76.0
830,1399.00,13,1,61.9
831,2000.00,14,0,73.7
832,1799.00,17,1,73.9
833,2400.00,18,0,81.8
834,2100.00,15,0,68.2
835,1700.00,11,0,61.1
836,1399.00,13,1,61.9
837,2200.00,16,0,66.7
838,2000.00,14,0,63.6
839,2400.00,18,0,81.8
840,2400.00,18,0,75.0
841,2099.00,20,1,76.9
842,1599.00,15,1,71.4
843,2300.00,17,0,81.0
844,2700.00,21,0,77.8
845,2300.00,17,0,77.3
846,1399.00,13,1,65.0
847,1800.00,12,0,54.5
848,1298.00,17,2,81.0
849,2400.00,18,0,66.7
850,2300.00,17,0,63.0
851,998.00,14,2,66.7
852,2200.00,16,0,61.5
853,2400.00,18,0,75.0
854,1899.00,18,1,75.0
855,2300.00,17,0,65.4
856,1699.00,16,1,69.6
857,2900.00,23,0,88.5
858,2200.00,16,0,72.7
859,2100.00,15,0,55.6
860,2800.00,22,0,84.6
861,1799.00,17,1,70.8
862,1699.00,16,1,72.7
863,2300.00,17,0,70.8
864,2300.00,17,0,68.0
865,2700.00,21,0,87.5
866,2900.00,23,0,92.0
867,2700.00,21,0,80.8
868,1399.00,13,1,61.9
869,2000.00,14,0,63.6
870,2200.00,16,0,61.5
871,2000.00,14,0,60.9
872,2200.00,16,0,76.2
873,2299.00,22,1,81.5
874,2000.00,14,0,70.0
875,2400.00,18,0,81.8
876,2400.00,18,0,85.7
877,2600.00,20,0,74.1
878,2200.00,16,0,72.7
879,1900.00,13,0,56.5
880,2000.00,14,0,70.0
881,1900.00,13,0,65.0
882,2700.00,21,0,87.5
883,2400.00,18,0,78.3
884,2199.00,21,1,80.8
885,2100.00,15,0,68.2
886,2200.00,16,0,76.2
887,2000.00,14,0,66.7
888,1999.00,19,1,79.2
889,1800.00,12,0,54.5
890,2300.00,17,0,81.0
891,2100.00,15,0,78.9
892,2200.00,16,0,72.7
893,2200.00,16,0,76.2
894,2600.00,20,0,87.0
895,2400.00,18,0,85.7
896,2000.00,14,0,63.6
897,2200.00,16,0,80.0
898,2200.00,16,0,69.6
899,1800.00,12,0,57.1
900,2100.00,15,0,78.9
901,2099.00,20,1,83.3
902,2200.00,16,0,69.6
903,2300.00,17,0,65.4
904,2400.00,18,0,78.3
905,2099.00,20,1,71.4
906,2100.00,15,0,83.3
907,2400.00,18,0,78.3
908,2000.00,14,0,70.0
909,2100.00,15,0,68.2
910,2000.00,14,0,66.7
911,2200.00,16,0,72.7
912,2200.00,16,0,80.0
913,2700.00,21,0,80.8
914,2100.00,15,0,71.4
915,2300.00,17,0,77.3
916,1499.00,14,1,66.7
917,2100.00,15,0,75.0
918,2000.00,14,0,58.3
919,2000.00,14,0,77.8
920,2600.00,20,0,74.1
921,2700.00,21,0,87.5
922,2200.00,16,0,72.7
923,2200.00,16,0,69.6
924,2400.00,18,0,69.2
925,1799.00,17,1,77.3
926,2200.00,16,0,72.7
927,2400.00,18,0,72.0
928,2200.00,16,0,64.0
929,1699.00,16,1,72.7
930,2400.00,18,0,75.0
931,2800.00,22,0,91.7
932,2400.00,18,0,81.8
933,2500.00,19,0,82.6
934,2300.00,17,0,85.0
935,2400.00,18,0,72.0
936,1799.00,17,1,81.0
937,2200.00,16,0,61.5
938,1499.00,14,1,66.7
939,1599.00,15,1,71.4
940,1599.00,15,1,65.2
941,2099.00,20,1,76.9
942,1700.00,11,0,57.9
943,2100.00,15,0,75.0
944,2100.00,15,0,65.2
945,1599.00,15,1,71.4
946,2700.00,21,0,87.5
947,2300.00,17,0,70.8
948,1399.00,13,1,59.1
949,2200.00,16,0,76.2
950,1900.00,13,0,65.0
951,2100.00,15,0,71.4
952,2400.00,18,0,85.7
953,2700.00,21,0,77.8
954,2100.00,15,0,62.5
955,2500.00,19,0,70.4
956,2300.00,17,0,77.3
957,2300.00,17,0,70.8
958,2500.00,19,0,82.6
959,2300.00,17,0,68.0
960,2800.00,22,0,88.0
961,1799.00,17,1,77.3
962,2300.00,17,0,70.8
963,2400.00,18,0,85.7
964,2200.00,16,0,80.0
965,1199.00,11,1,47.8
966,2400.00,18,0,78.3
967,2500.00,19,0,79.2
968,2200.00,16,0,72.7
969,2200.00,16,0,64.0
970,2200.00,16,0,66.7
971,2400.00,18,0,69.2
972,1999.00,19,1,79.2
973,1499.00,14,1,60.9
974,2300.00,17,0,68.0
975,1799.00,17,1,73.9
976,2100.00,15,0,53.6
977,2100.00,15,0,68.2
978,2200.00,16,0,80.0
979,1800.00,12,0,54.5
980,2000.00,14,0,60.9
981,2000.00,14,0,73.7
982,2500.00,19,0,86.4
983,1799.00,17,1,68.0
984,2400.00,18,0,75.0
985,1900.00,13,0,68.4
986,2100.00,15,0,75.0
987,2700.00,21,0,84.0
988,1899.00,18,1,78.3
989,1499.00,14,1,63.6
990,2800.00,22,0,91.7
991,2300.00,17,0,85.0
992,1499.00,14,1,56.0
993,2600.00,20,0,83.3
994,1299.00,12,1,54.5
995,2200.00,16,0,72.7
996,2100.00,15,0,75.0
997,2100.00,15,0,65.2
998,2000.00,14,0,70.0
999,2200.00,16,0,72.7
1000,1399.00,13,1,68.4
1001,2600.00,20,0,80.0
1002,2200.00,16,0,64.0
1003,2200.00,16,0,72.7
1004,2400.00,18,0,85.7
1005,2400.00,18,0,78.3
1006,2099.00,20,1,87.0
1007,2200.00,16,0,69.6
1008,2600.00,20,0,76.9
1009,2700.00,21,0,95.5
1010,2100.00,15,0,83.3
1011,2100.00,15,0,68.2
1012,1799.00,17,1,89.5
1013,1900.00,13,0,54.2
1014,1199.00,11,1,52.4
1015,2300.00,17,0,70.8
1016,1399.00,13,1,65.0
1017,2600.00,20,0,76.9
1018,2300.00,17,0,68.0
1019,2900.00,23,0,92.0
1020,1299.00,12,1,63.2
1021,2200.00,16,0,80.0
1022,2000.00,14,0,66.7
1023,1900.00,13,0,72.2
1024,2100.00,15,0,60.0
1025,2200.00,16,0,69.6
1026,2200.00,16,0,64.0
1027,2500.00,19,0,82.6
1028,1899.00,18,1,78.3
1029,2600.00,20,0,83.3
1030,1599.00,15,1,71.4
1031,2200.00,16,0,76.2
1032,2500.00,19,0,86.4
1033,2500.00,19,0,79.2
1034,1999.00,19,1,76.0
1035,2600.00,20,0,74.1
1036,2400.00,18,0,85.7
1037,2400.00,18,0,75.0
1038,2300.00,17,0,77.3
1039,2100.00,15,0,62.5
1040,2200.00,16,0,88.9
1041,1799.00,17,1,68.0
1042,2000.00,14,0,73.7
1043,1899.00,18,1,75.0
1044,2500.00,19,0,79.2
1045,2500.00,19,0,82.6
1046,2400.00,18,0,78.3
1047,2300.00,17,0,81.0
1048,2400.00,18,0,78.3
1049,1699.00,16,1,64.0
1050,1700.00,11,0,57.9
1051,2400.00,18,0,69.2
1052,2500.00,19,0,76.0
1053,1899.00,18,1,69.2
1054,1900.00,13,0,68.4
1055,2300.00,17,0,70.8
1056,2100.00,15,0,62.5
1057,1800.00,12,0,60.0
1058,2400.00,18,0,78.3
1059,1999.00,19,1,70.4
1060,1399.00,13,1,54.2
1061,697.00,16,3,61.5
1062,2500.00,19,0,82.6
1063,2000.00,14,0,73.7
1064,2300.00,17,0,70.8
1065,2200.00,16,0,80.0
1066,1399.00,13,1,59.1
1067,1498.00,19,2,79.2
1068,2600.00,20,0,87.0
1069,2700.00,21,0,80.8
1070,2000.00,14,0,70.0
1071,1900.00,13,0,65.0
1072,1299.00,12,1,52.2
1073,2100.00,15,0,75.0
1074,2500.00,19,0,86.4
1075,2000.00,14,0,63.6
1076,2500.00,19,0,76.0
1077,2100.00,15,0,68.2
1078,1999.00,19,1,73.1
1079,2300.00,17,0,73.9
1080,2100.00,15,0,71.4
1081,2400.00,18,0,78.3
1082,2300.00,17,0,73.9
1083,1799.00,17,1,70.8
1084,1499.00,14,1,70.0
1085,2200.00,16,0,76.2
1086,2200.00,16,0,66.7
1087,1599.00,15,1,71.4
1088,2600.00,20,0,80.0
1089,2200.00,16,0,80.0
1090,1699.00,16,1,72.7
1091,2500.00,19,0,82.6
1092,2100.00,15,0,65.2
1093,2600.00,20,0,80.0
1094,2100.00,15,0,71.4
1095,1799.00,17,1,77.3
1096,2000.00,14,0,63.6
1097,2100.00,15,0,78.9
1098,1900.00,13,0,68.4
1099,1499.00,14,1,58.3
1100,2400.00,18,0,69.2
1101,1999.00,19,1,76.0
1102,2300.00,17,0,73.9
1103,1799.00,17,1,68.0
1104,1899.00,18,1,81.8
1105,1098.00,15,2,62.5
1106,1298.00,17,2,68.0
1107,2300.00,17,0,73.9
1108,2700.00,21,0,84.0
1109,1900.00,13,0,65.0
1110,1699.00,16,1,66.7
1111,2300.00,17,0,73.9
1112,2300.00,17,0,73.9
1113,2400.00,18,0,66.7
1114,2300.00,17,0,70.8
1115,2600.00,20,0,83.3
1116,2500.00,19,0,86.4
1117,2200.00,16,0,66.7
1118,2400.00,18,0,75.0
1119,1999.00,19,1,73.1
1120,2200.00,16,0,66.7
1121,1399.00,13,1,59.1
1122,1500.00,9,0,40.9
1123,2500.00,19,0,79.2
1124,2100.00,15,0,71.4
1125,2300.00,17,0,68.0
1126,1599.00,15,1,60.0
1127,2000.00,14,0,70.0
1128,2300.00,17,0,68.0
1129,2400.00,18,0,85.7
1130,2200.00,16,0,76.2
1131,2800.00,22,0,84.6
1132,2100.00,15,0,71.4
1133,2400.00,18,0,81.8
1134,2400.00,18,0,85.7
1135,2700.00,21,0,91.3
1136,2200.00,16,0,66.7
1137,2299.00,22,1,84.6
1138,2100.00,15,0,75.0
1139,1799.00,17,1,77.3
1140,2700.00,21,0,84.0
1141,2300.00,17,0,68.0
1142,1299.00,12,1,57.1
1143,698.00,11,2,50.0
1144,2600.00,20,0,87.0
1145,2099.00,20,1,80.0
1146,2300.00,17,0,68.0
1147,2100.00,15,0,68.2
1148,2000.00,14,0,60.9
1149,2200.00,16,0,66.7
1150,2300.00,17,0,70.8
1151,2100.00,15,0,68.2
1152,2500.00,19,0,73.1
1153,2400.00,18,0,85.7
1154,1499.00,14,1,73.7
1155,2300.00,17,0,77.3
1156,2000.00,14,0,70.0
1157,2100.00,15,0,68.2
1158,2200.00,16,0,69.6
1159,1899.00,18,1,81.8
1160,2700.00,21,0,87.5
1161,2900.00,23,0,88.5
1162,2700.00,21,0,80.8
1163,1799.00,17,1,70.8
1164,2099.00,20,1,80.0
1165,2200.00,16,0,76.2
1166,2300.00,17,0,81.0
1167,2600.00,20,0,74.1
1168,2500.00,19,0,73.1
1169,2300.00,17,0,81.0
1170,2400.00,18,0,75.0
1171,2100.00,15,0,78.9
1172,2400.00,18,0,72.0
1173,2400.00,18,0,75.0
1174,1899.00,18,1,85.7
1175,1398.00,18,2,72.0
1176,2200.00,16,0,72.7
1177,2300.00,17,0,81.0
1178,2300.00,17,0,63.0
1179,2300.00,17,0,68.0
1180,2100.00,15,0,71.4
1181,2700.00,21,0,80.8
1182,2200.00,16,0,61.5
1183,2100.00,15,0,71.4
1184,2400.00,18,0,85.7
1185,2200.00,16,0,80.0
1186,1899.00,18,1,72.0
1187,2300.00,17,0,81.0
1188,1098.00,15,2,68.2
1189,2100.00,15,0,65.2
1190,2200.00,16,0,66.7
1191,2000.00,14,0,60.9
1192,1700.00,11,0,55.0
1193,2700.00,21,0,77.8
1194,2400.00,18,0,85.7
1195,2000.00,14,0,70.0
1196,2600.00,20,0,80.0
1197,2400.00,18,0,78.3
1198,2099.00,20,1,87.0
1199,2300.00,17,0,85.0
1200,1900.00,13,0,61.9
1201,1098.00,15,2,71.4
1202,2300.00,17,0,73.9
1203,2300.00,17,0,77.3
1204,2199.00,21,1,80.8
1205,2200.00,16,0,76.2
1206,2300.00,17,0,70.8
1207,2100.00,15,0,65.2
1208,2300.00,17,0,68.0
1209,2000.00,14,0,73.7
1210,2400.00,18,0,78.3
1211,2400.00,18,0,81.8
1212,2100.00,15,0,71.4
1213,2200.00,16,0,66.7
1214,2200.00,16,0,66.7
1215,1699.00,16,1,72.7
1216,2100.00,15,0,62.5
1217,2700.00,21,0,91.3
1218,2300.00,17,0,68.0
1219,2300.00,17,0,73.9
1220,1399.00,13,1,65.0
1221,2400.00,18,0,75.0
1222,1999.00,19,1,90.5
1223,2500.00,19,0,70.4
1224,2300.00,17,0,73.9
1225,2600.00,20,0,80.0
1226,798.00,12,2,54.5
1227,2300.00,17,0,85.0
1228,1899.00,18,1,78.3
1229,2600.00,20,0,90.9
1230,898.00,13,2,56.5
1231,2600.00,20,0,87.0
1232,1699.00,16,1,69.6
1233,2100.00,15,0,75.0
1234,2500.00,19,0,76.0
1235,2000.00,14,0,70.0
1236,2499.00,24,1,92.3
1237,2200.00,16,0,76.2
1238,2300.00,17,0,81.0
1239,1599.00,15,1,75.0
1240,2200.00,16,0,80.0
1241,2400.00,18,0,75.0
1242,2600.00,20,0,80.0
1243,2300.00,17,0,81.0
1244,2400.00,18,0,81.8
1245,1899.00,18,1,64.3
1246,2000.00,14,0,70.0
1247,2300.00,17,0,70.8
1248,2000.00,14,0,70.0
1249,2500.00,19,0,82.6
1250,2700.00,21,0,75.0
1251,2000.00,14,0,70.0
1252,2500.00,19,0,73.1
1253,898.00,13,2,61.9
1254,2800.00,22,0,81.5
1255,2300.00,17,0,73.9
1256,1298.00,17,2,70.8
1257,2099.00,20,1,76.9
1258,2400.00,18,0,69.2
1259,2500.00,19,0,73.1
1260,2700.00,21,0,87.5
1261,898.00,13,2,52.0
1262,1498.00,19,2,79.2
1263,2200.00,16,0,76.2
1264,2200.00,16,0,69.6
1265,2300.00,17,0,77.3
1266,1299.00,12,1,63.2
1267,2099.00,20,1,90.9
1268,2100.00,15,0,75.0
1269,2100.00,15,0,83.3
1270,2200.00,16,0,80.0
1271,2000.00,14,0,60.9
1272,2200.00,16,0,72.7
1273,2800.00,22,0,84.6
1274,1599.00,15,1,65.2
1275,2400.00,18,0,85.7
1276,2400.00,18,0,81.8
1277,1599.00,15,1,78.9
1278,2000.00,14,0,58.3
1279,2500.00,19,0,82.6
1280,2200.00,16,0,69.6
1281,2900.00,23,0,92.0
1282,1800.00,12,0,57.1
1283,2400.00,18,0,72.0
1284,2500.00,19,0,86.4
1285,2400.00,18,0,75.0
1286,2000.00,14,0,66.7
1287,2200.00,16,0,72.7
1288,2600.00,20,0,87.0
1289,2100.00,15,0,68.2
1290,2200.00,16,0,76.2
1291,1599.00,15,1,75.0
1292,2400.00,18,0,78.3
1293,1599.00,15,1,65.2
1294,2100.00,15,0,71.4
1295,1699.00,16,1,72.7
1296,1899.00,18,1,85.7
1297,2400.00,18,0,75.0
1298,2500.00,19,0,70.4
1299,2000.00,14,0,66.7
1300,1900.00,13,0,68.4
1301,2200.00,16,0,84.2
1302,2300.00,17,0,77.3
1303,1499.00,14,1,58.3
1304,2500.00,19,0,86.4
1305,2500.00,19,0,79.2
1306,1799.00,17,1,70.8
1307,2300.00,17,0,63.0
1308,2200.00,16,0,84.2
1309,2300.00,17,0,73.9
1310,2400.00,18,0,72.0
1311,2600.00,20,0,76.9
1312,2100.00,15,0,78.9
1313,2500.00,19,0,79.2
1314,2000.00,14,0,63.6
1315,2500.00,19,0,73.1
1316,2100.00,15,0,62.5
1317,1865.00,18,0,100.0
1318,2400.00,18,0,72.0
1319,2600.00,20,0,80.0
1320,2200.00,16,0,88.9
1321,2000.00,14,0,73.7
1322,1800.00,12,0,66.7
1323,2000.00,14,0,73.7
1324,2300.00,17,0,81.0
1325,1398.00,18,2,81.8
1326,1800.00,12,0,52.2
1327,2100.00,15,0,71.4
1328,1799.00,17,1,68.0
1329,2200.00,16,0,76.2
1330,2500.00,19,0,76.0
1331,1599.00,15,1,68.2
1332,1799.00,17,1,70.8
1333,1098.00,15,2,65.2
1334,1800.00,12,0,48.0
1335,2400.00,18,0,78.3
1336,1499.00,14,1,63.6
1337,2600.00,20,0,76.9
1338,2400.00,18,0,81.8
1339,2100.00,15,0,65.2
1340,2500.00,19,0,76.0
1341,2200.00,16,0,76.2
1342,2099.00,20,1,87.0
1343,2000.00,14,0,77.8
1344,2400.00,18,0,90.0
1345,1999.00,19,1,79.2
1346,1199.00,11,1,55.0
1347,1399.00,13,1,59.1
1348,2200.00,16,0,72.7
1349,1499.00,14,1,70.0
1350,2100.00,15,0,68.2
1351,2300.00,17,0,70.8
1352,1399.00,13,1,65.0
1353,2400.00,18,0,75.0
1354,2500.00,19,0,76.0
1355,2000.00,14,0,66.7
1356,1799.00,17,1,73.9
1357,2000.00,14,0,70.0
1358,898.00,13,2,65.0
1359,1700.00,11,0,50.0
1360,1900.00,13,0,56.5
1361,2500.00,19,0,86.4
1362,1900.00,13,0,61.9
1363,2000.00,14,0,70.0
1364,2000.00,14,0,70.0
1365,1799.00,17,1,70.8
1366,2400.00,18,0,75.0
1367,2200.00,16,0,66.7
1368,1699.00,16,1,69.6
1369,1198.00,16,2,66.7
1370,2500.00,19,0,79.2
1371,2500.00,19,0,76.0
1372,1499.00,14,1,73.7
1373,2099.00,20,1,83.3
1374,2000.00,14,0,66.7
1375,2600.00,20,0,80.0
1376,2100.00,15,0,68.2
1377,2500.00,19,0,82.6
1378,2600.00,20,0,74.1
1379,1298.00,17,2,73.9
1380,2400.00,18,0,66.7
1381,1799.00,17,1,70.8
1382,2300.00,17,0,73.9
1383,2100.00,15,0,78.9
1384,2100.00,15,0,78.9
1385,2400.00,18,0,81.8
1386,2100.00,15,0,71.4
1387,2400.00,18,0,75.0
1388,2100.00,15,0,75.0
1389,2400.00,18,0,78.3
1390,2100.00,15,0,75.0
1391,2100.00,15,0,68.2
1392,2200.00,16,0,69.6
1393,2000.00,14,0,60.9
1394,2300.00,17,0,77.3
1395,2400.00,18,0,78.3
1396,2300.00,17,0,70.8
1397,2700.00,21,0,75.0
1398,2100.00,15,0,62.5
1399,2400.00,18,0,78.3
1400,2500.00,19,0,79.2
1401,2300.00,17,0,81.0
1402,2300.00,17,0,77.3
1403,2700.00,21,0,80.8
1404,1799.00,17,1,63.0
1405,2800.00,22,0,84.6
1406,2200.00,16,0,84.2
1407,2100.00,15,0,75.0
1408,2200.00,16,0,66.7
1409,2300.00,17,0,77.3
1410,2300.00,17,0,81.0
1411,2000.00,14,0,70.0
1412,2500.00,19,0,79.2
1413,2500.00,19,0,79.2
1414,2300.00,17,0,65.4
1415,1604.00,20,1,95.2
1416,2600.00,20,0,80.0
1417,2500.00,19,0,79.2
1418,1098.00,15,2,75.0
1419,998.00,14,2,56.0
1420,2800.00,22,0,84.6
1421,2800.00,22,0,84.6
1422,1599.00,15,1,71.4
1423,2900.00,23,0,88.5
1424,1899.00,18,1,85.7
1425,2400.00,18,0,75.0
1426,2500.00,19,0,73.1
1427,1199.00,11,1,52.4
1428,2200.00,16,0,66.7
1429,2000.00,14,0,66.7
1430,1700.00,11,0,55.0
1431,1799.00,17,1,68.0
1432,2300.00,17,0,70.8
1433,2500.00,19,0,76.0
1434,1800.00,12,0,66.7
1435,2400.00,18,0,78.3
1436,1799.00,17,1,73.9
1437,2100.00,15,0,68.2
1438,2700.00,21,0,80.8
1439,2400.00,18,0,85.7
1440,2500.00,19,0,86.4
1441,2300.00,17,0,77.3
1442,2300.00,17,0,85.0
1443,2100.00,15,0,65.2
1444,2600.00,20,0,76.9
1445,1799.00,17,1,73.9
1446,2200.00,16,0,72.7
1447,2200.00,16,0,72.7
1448,2099.00,20,1,71.4
1449,2100.00,15,0,65.2
1450,1900.00,13,0,61.9
1451,2400.00,18,0,78.3
1452,2300.00,17,0,65.4
1453,2400.00,18,0,78.3
1454,2300.00,17,0,73.9
1455,2300.00,17,0,68.0
1456,2500.00,19,0,79.2
1457,2500.00,19,0,90.5
1458,2200.00,16,0,76.2
1459,2000.00,14,0,70.0
1460,2100.00,15,0,68.2
1461,1499.00,14,1,66.7
1462,2500.00,19,0,76.0
1463,2400.00,18,0,78.3
1464,2100.00,15,0,65.2
1465,2400.00,18,0,81.8
1466,2100.00,15,0,71.4
1467,2500.00,19,0,90.5
1468,2200.00,16,0,57.1
1469,1699.00,16,1,69.6
1470,2500.00,19,0,86.4
1471,2000.00,14,0,70.0
1472,2400.00,18,0,75.0
1473,1899.00,18,1,66.7
1474,2700.00,21,0,84.0
1475,2600.00,20,0,83.3
1476,2500.00,19,0,86.4
1477,2500.00,19,0,90.5
1478,1699.00,16,1,64.0
1479,2200.00,16,0,69.6
1480,2100.00,15,0,71.4
1481,2000.00,14,0,58.3
1482,2400.00,18,0,81.8
1483,2199.00,21,1,80.8
1484,2400.00,18,0,85.7
1485,1999.00,19,1,79.2
1486,2000.00,14,0,66.7
1487,1699.00,16,1,69.6
1488,2500.00,19,0,86.4
1489,2100.00,15,0,68.2
1490,2700.00,21,0,75.0
1491,2800.00,22,0,84.6
1492,1900.00,13,0,59.1
1493,2700.00,21,0,80.8
1494,1699.00,16,1,76.2
1495,2200.00,16,0,72.7
1496,2200.00,16,0,76.2
1497,1699.00,16,1,61.5
1498,2100.00,15,0,75.0
1499,1999.00,19,1,79.2
1500,1599.00,15,1,83.3
1501,2600.00,20,0,83.3
1502,1799.00,17,1,77.3
1503,2300.00,17,0,68.0
1504,2400.00,18,0,81.8
1505,2300.00,17,0,77.3
1506,2100.00,15,0,60.0
1507,1799.00,17,1,73.9
1508,2400.00,18,0,72.0
1509,2200.00,16,0,69.6
1510,2200.00,16,0,66.7
1511,798.00,12,2,57.1
1512,1399.00,13,1,56.5
1513,2300.00,17,0,68.0
1514,1999.00,19,1,73.1
1515,2500.00,19,0,76.0
1516,2400.00,18,0,78.3
1517,2500.00,19,0,79.2
1518,2500.00,19,0,76.0
1519,1800.00,12,0,60.0
1520,2100.00,15,0,68.2
1521,2200.00,16,0,66.7
1522,2200.00,16,0,76.2
1523,2300.00,17,0,89.5
1524,1599.00,15,1,57.7
1525,2700.00,21,0,87.5
1526,1999.00,19,1,79.2
1527,2000.00,14,0,63.6
1528,1899.00,18,1,75.0
1529,2200.00,16,0,72.7
1530,2200.00,16,0,72.7
1531,2299.00,22,1,88.0
1532,2300.00,17,0,68.0
1533,1799.00,17,1,77.3
1534,2400.00,18,0,90.0
1535,2200.00,16,0,69.6
1536,2400.00,18,0,75.0
1537,1900.00,13,0,56.5
1538,1499.00,14,1,66.7
1539,1799.00,17,1,73.9
1540,2400.00,18,0,75.0
1541,2400.00,18,0,69.2
1542,2600.00,20,0,87.0
1543,2600.00,20,0,83.3
1544,1999.00,19,1,82.6
1545,2400.00,18,0,78.3
1546,2500.00,19,0,76.0
1547,1699.00,16,1,69.6
1548,2000.00,14,0,70.0
1549,2300.00,17,0,70.8
1550,1999.00,19,1,73.1
1551,2400.00,18,0,75.0
1552,2300.00,17,0,68.0
1553,2800.00,22,0,81.5
1554,1900.00,13,0,59.1
1555,2300.00,17,0,81.0
1556,1700.00,11,0,57.9
1557,2200.00,16,0,69.6
1558,2200.00,16,0,69.6
1559,2500.00,19,0,82.6
1560,2400.00,18,0,85.7
1561,1999.00,19,1,76.0
1562,2200.00,16,0,76.2
1563,2300.00,17,0,70.8
1564,2400.00,18,0,69.2
1565,2500.00,19,0,79.2
1566,2100.00,15,0,68.2
1567,2500.00,19,0,79.2
1568,2200.00,16,0,59.3
1569,2300.00,17,0,70.8
1570,2500.00,19,0,76.0
1571,1599.00,15,1,75.0
1572,2500.00,19,0,76.0
1573,2400.00,18,0,85.7
1574,2200.00,16,0,80.0
1575,1799.00,17,1,68.0
1576,2600.00,20,0,83.3
1577,2300.00,17,0,73.9
1578,2600.00,20,0,76.9
1579,2900.00,23,0,88.5
1580,2400.00,18,0,72.0
1581,2100.00,15,0,65.2
1582,2100.00,15,0,57.7
1583,2100.00,15,0,71.4
1584,1699.00,16,1,64.0
1585,2300.00,17,0,85.0
1586,2000.00,14,0,58.3
1587,2500.00,19,0,82.6
1588,2800.00,22,0,84.6
1589,197.00,11,3,52.4
1590,2700.00,21,0,80.8
1591,2099.00,20,1,83.3
1592,1899.00,18,1,78.3
1593,2400.00,18,0,81.8
1594,2200.00,16,0,72.7
1595,1699.00,16,1,69.6
1596,1599.00,15,1,75.0
1597,2200.00,16,0,72.7
1598,2300.00,17,0,77.3
1599,2600.00,20,0,76.9
1600,2000.00,14,0,70.0
1601,898.00,13,2,61.9
1602,1699.00,16,1,64.0
1603,2200.00,16,0,80.0
1604,2300.00,17,0,70.8
1605,1900.00,13,0,54.2
1606,2500.00,19,0,79.2
1607,2400.00,18,0,69.2
1608,1299.00,12,1,57.1
1609,2200.00,16,0,66.7
1610,2300.00,17,0,77.3
1611,2200.00,16,0,76.2
1612,2300.00,17,0,68.0
1613,2300.00,17,0,73.9
1614,1199.00,11,1,44.0
1615,2400.00,18,0,81.8
1616,2200.00,16,0,76.2
1617,1599.00,15,1,57.7
1618,1599.00,15,1,60.0
1619,597.00,15,3,60.0
1620,2200.00,16,0,66.7
1621,2700.00,21,0,77.8
1622,2500.00,19,0,70.4
1623,2400.00,18,0,85.7
1624,2200.00,16,0,72.7
1625,2000.00,14,0,66.7
1626,2100.00,15,0,62.5
1627,2500.00,19,0,79.2
1628,1099.00,10,1,50.0
1629,2300.00,17,0,70.8
1630,2500.00,19,0,86.4
1631,1399.00,13,1,61.9
1632,2200.00,16,0,84.2
1633,2200.00,16,0,72.7
1634,2400.00,18,0,81.8
1635,2400.00,18,0,85.7
1636,1799.00,17,1,70.8
1637,1499.00,14,1,70.0
1638,2000.00,14,0,70.0
1639,1800.00,12,0,60.0
1640,1899.00,18,1,78.3
1641,2300.00,17,0,85.0
1642,2400.00,18,0,78.3
1643,2400.00,18,0,81.8
1644,1299.00,12,1,52.2
1645,2600.00,20,0,90.9
1646,2400.00,18,0,81.8
1647,2500.00,19,0,82.6
1648,1700.00,11,0,57.9
1649,2500.00,19,0,82.6
1650,2199.00,21,1,84.0
1651,1599.00,15,1,65.2
1652,2400.00,18,0,81.8
1653,1600.00,10,0,45.5
1654,2200.00,16,0,76.2
1655,2200.00,16,0,61.5
1656,2500.00,19,0,73.1
1657,2300.00,17,0,81.0
1658,2200.00,16,0,69.6
1659,2200.00,16,0,72.7
1660,1800.00,12,0,46.2
1661,2600.00,20,0,83.3
1662,2800.00,22,0,88.0
1663,1899.00,18,1,75.0
1664,1900.00,13,0,56.5
1665,1899.00,18,1,66.7
1666,2500.00,19,0,76.0
1667,2500.00,19,0,79.2
1668,2200.00,16,0,66.7
1669,2400.00,18,0,85.7
1670,2700.00,21,0,80.8
1671,2600.00,20,0,80.0
1672,2000.00,14,0,60.9
1673,2300.00,17,0,70.8
1674,2600.00,20,0,80.0
1675,2800.00,22,0,84.6
1676,2000.00,14,0,66.7
1677,1599.00,15,1,78.9
1678,2800.00,22,0,91.7
1679,2300.00,17,0,65.4
1680,2400.00,18,0,85.7
1681,2600.00,20,0,83.3
1682,2400.00,18,0,72.0
1683,1800.00,12,0,48.0
1684,1799.00,17,1,65.4
1685,1499.00,14,1,70.0
1686,1299.00,12,1,50.0
1687,2400.00,18,0,75.0
1688,2800.00,22,0,81.5
1689,2400.00,18,0,75.0
1690,1999.00,19,1,82.6
1691,2600.00,20,0,76.9
1692,2300.00,17,0,77.3
1693,1800.00,12,0,57.1
1694,2200.00,16,0,72.7
1695,2200.00,16,0,84.2
1696,2700.00,21,0,84.0
1697,2900.00,23,0,85.2
1698,2299.00,22,1,88.0
1699,2300.00,17,0,81.0
1700,2100.00,15,0,71.4
1701,2300.00,17,0,73.9
1702,1199.00,11,1,50.0
1703,2300.00,17,0,65.4
1704,2300.00,17,0,81.0
1705,2100.00,15,0,75.0
1706,2500.00,19,0,86.4
1707,2300.00,17,0,73.9
1708,1900.00,13,0,56.5
1709,2000.00,14,0,56.0
1710,2400.00,18,0,69.2
1711,2000.00,14,0,73.7
1712,2300.00,17,0,70.8
1713,2300.00,17,0,89.5
1714,2100.00,15,0,75.0
1715,2400.00,18,0,81.8
1716,1699.00,16,1,66.7
1717,2099.00,20,1,87.0
1718,2400.00,18,0,81.8
1719,2000.00,14,0,63.6
1720,2300.00,17,0,89.5
1721,2500.00,19,0,76.0
1722,2099.00,20,1,76.9
1723,2400.00,18,0,72.0
1724,2400.00,18,0,78.3
1725,2100.00,15,0,75.0
1726,2200.00,16,0,80.0
1727,2800.00,22,0,91.7
1728,597.00,15,3,65.2
1729,2200.00,16,0,72.7
1730,1900.00,13,0,65.0
1731,2300.00,17,0,81.0
1732,2600.00,20,0,87.0
1733,2200.00,16,0,72.7
1734,2100.00,15,0,71.4
1735,2000.00,14,0,53.8
1736,2600.00,20,0,80.0
1737,1599.00,15,1,71.4
1738,2500.00,19,0,79.2
1739,2400.00,18,0,78.3
1740,1599.00,15,1,62.5
1741,2100.00,15,0,68.2
1742,2700.00,21,0,80.8
1743,1899.00,18,1,78.3
1744,1098.00,15,2,62.5
1745,2200.00,16,0,66.7
1746,1499.00,14,1,53.8
1747,1799.00,17,1,73.9
1748,2000.00,14,0,66.7
1749,2400.00,18,0,78.3
1750,2500.00,19,0,73.1
1751,2500.00,19,0,79.2
1752,2400.00,18,0,81.8
1753,2400.00,18,0,78.3
1754,1399.00,13,1,56.5
1755,1900.00,13,0,56.5
1756,2400.00,18,0,78.3
1757,2300.00,17,0,63.0
1758,2300.00,17,0,81.0
1759,1800.00,12,0,54.5
1760,1900.00,13,0,59.1
1761,1799.00,17,1,70.8
1762,2700.00,21,0,75.0
1763,2300.00,17,0,65.4
1764,2300.00,17,0,65.4
1765,1900.00,13,0,68.4
1766,2800.00,22,0,88.0
1767,1198.00,16,2,64.0
1768,2600.00,20,0,83.3
1769,2400.00,18,0,72.0
1770,1899.00,18,1,78.3
1771,2300.00,17,0,73.9
1772,2800.00,22,0,81.5
1773,2400.00,18,0,78.3
1774,2200.00,16,0,69.6
1775,2400.00,18,0,75.0
1776,2300.00,17,0,81.0
1777,1900.00,13,0,61.9
1778,2600.00,20,0,87.0
1779,1899.00,18,1,75.0
1780,1500.00,9,0,42.9
1781,2200.00,16,0,64.0
1782,1599.00,15,1,65.2
1783,1800.00,12,0,60.0
1784,2200.00,16,0,72.7
1785,2399.00,23,1,88.5
1786,2500.00,19,0,86.4
1787,2099.00,20,1,74.1
1788,2500.00,19,0,76.0
1789,2300.00,17,0,63.0
1790,2600.00,20,0,74.1
1791,2400.00,18,0,72.0
1792,2400.00,18,0,75.0
1793,1399.00,13,1,68.4
1794,2100.00,15,0,62.5
1795,2200.00,16,0,84.2
1796,2200.00,16,0,76.2
1797,2400.00,18,0,78.3
1798,2200.00,16,0,72.7
1799,2700.00,21,0,77.8
1800,1899.00,18,1,78.3
1801,2000.00,14,0,73.7
1802,1098.00,15,2,68.2
1803,2100.00,15,0,68.2
1804,2200.00,16,0,64.0
1805,1499.00,14,1,56.0
1806,1999.00,19,1,82.6
1807,2200.00,16,0,72.7
1808,2400.00,18,0,78.3
1809,2800.00,22,0,81.5
1810,1799.00,17,1,77.3
1811,2400.00,18,0,81.8
1812,2600.00,20,0,80.0
1813,1800.00,12,0,52.2
1814,1699.00,16,1,80.0
1815,2200.00,16,0,69.6
1816,2800.00,22,0,84.6
1817,2600.00,20,0,76.9
1818,2100.00,15,0,65.2
1819,2000.00,14,0,63.6
1820,2300.00,17,0,68.0
1821,2200.00,16,0,72.7
1822,1098.00,15,2,75.0
1823,2000.00,14,0,66.7
1824,2400.00,18,0,72.0
1825,2000.00,14,0,70.0
1826,2500.00,19,0,82.6
1827,1899.00,18,1,75.0
1828,2000.00,14,0,60.9
1829,2300.00,17,0,70.8
1830,2300.00,17,0,73.9
1831,1700.00,11,0,57.9
1832,1599.00,15,1,75.0
1833,1899.00,18,1,72.0
1834,1799.00,17,1,70.8
1835,2200.00,16,0,72.7
1836,2700.00,21,0,77.8
1837,2500.00,19,0,76.0
1838,2700.00,21,0,84.0
1839,2500.00,19,0,82.6
1840,2500.00,19,0,76.0
1841,2500.00,19,0,82.6
1842,2600.00,20,0,83.3
1843,1700.00,11,0,55.0
1844,2099.00,20,1,83.3
1845,2500.00,19,0,86.4
1846,1899.00,18,1,72.0
1847,2300.00,17,0,77.3
1848,2300.00,17,0,85.0
1849,2199.00,21,1,80.8
1850,2400.00,18,0,75.0
1851,1999.00,19,1,73.1
1852,2200.00,16,0,69.6
1853,2300.00,17,0,81.0
1854,1699.00,16,1,69.6
1855,1700.00,11,0,39.3
1856,1900.00,13,0,65.0
1857,1800.00,12,0,63.2
1858,2200.00,16,0,69.6
1859,2400.00,18,0,81.8
1860,2000.00,14,0,63.6
1861,1699.00,16,1,69.6
1862,1499.00,14,1,63.6
1863,1399.00,13,1,61.9
1864,2300.00,17,0,70.8
1865,1298.00,17,2,60.7
1866,1799.00,17,1,77.3
1867,1799.00,17,1,81.0
1868,2200.00,16,0,76.2
1869,2200.00,16,0,80.0
1870,2099.00,20,1,71.4
1871,2200.00,16,0,76.2
1872,1399.00,13,1,65.0
1873,2700.00,21,0,80.8
1874,2700.00,21,0,95.5
1875,1299.00,12,1,52.2
1876,2100.00,15,0,68.2
1877,2100.00,15,0,78.9
1878,1298.00,17,2,73.9
1879,2500.00,19,0,82.6
1880,2200.00,16,0,72.7
1881,2500.00,19,0,82.6
1882,2300.00,17,0,77.3
1883,2400.00,18,0,81.8
1884,2200.00,16,0,80.0
1885,1900.00,13,0,68.4
1886,1499.00,14,1,70.0
1887,1900.00,13,0,72.2
1888,2400.00,18,0,78.3
1889,2300.00,17,0,73.9
1890,2100.00,15,0,65.2
1891,1399.00,13,1,65.0
1892,2200.00,16,0,66.7
1893,1499.00,14,1,58.3
1894,2300.00,17,0,77.3
1895,2199.00,21,1,80.8
1896,2400.00,18,0,75.0
1897,2200.00,16,0,80.0
1898,1800.00,12,0,60.0
1899,2400.00,18,0,81.8
1900,2100.00,15,0,68.2
1901,2200.00,16,0,69.6
1902,2900.00,23,0,88.5
1903,2600.00,20,0,87.0
1904,2200.00,16,0,69.6
1905,2400.00,18,0,75.0
1906,2400.00,18,0,78.3
1907,2300.00,17,0,70.8
1908,2600.00,20,0,90.9
1909,2300.00,17,0,77.3
1910,2000.00,14,0,63.6
1911,2500.00,19,0,79.2
1912,2800.00,22,0,84.6
1913,1699.00,16,1,61.5
1914,1199.00,11,1,52.4
1915,1799.00,17,1,73.9
1916,2700.00,21,0,84.0
1917,2200.00,16,0,72.7
1918,2200.00,16,0,69.6
1919,1899.00,18,1,75.0
1920,2300.00,17,0,73.9
1921,2200.00,16,0,64.0
1922,1699.00,16,1,64.0
1923,2000.00,14,0,63.6
1924,2400.00,18,0,78.3
1925,2100.00,15,0,62.5
1926,2500.00,19,0,70.4
1927,2100.00,15,0,68.2
1928,2600.00,20,0,74.1
1929,2400.00,18,0,75.0
1930,2300.00,17,0,77.3
1931,2500.00,19,0,73.1
1932,2099.00,20,1,90.9
1933,2700.00,21,0,91.3
1934,2300.00,17,0,77.3
1935,2700.00,21,0,91.3
1936,2300.00,17,0,73.9
1937,2400.00,18,0,78.3
1938,2500.00,19,0,79.2
1939,2400.00,18,0,72.0
1940,1999.00,19,1,79.2
1941,2600.00,20,0,83.3
1942,2099.00,20,1,83.3
1943,1599.00,15,1,65.2
1944,2500.00,19,0,82.6
1945,2199.00,21,1,80.8
1946,1498.00,19,2,73.1
1947,1900.00,13,0,65.0
1948,2300.00,17,0,73.9
1949,1599.00,15,1,68.2
1950,2200.00,16,0,84.2
1951,2400.00,18,0,75.0
1952,2100.00,15,0,65.2
1953,2100.00,15,0,68.2
1954,2300.00,17,0,73.9
1955,2600.00,20,0,76.9
1956,2800.00,22,0,84.6
1957,3000.00,24,0,85.7
1958,2100.00,15,0,62.5
1959,2600.00,20,0,87.0
1960,1699.00,16,1,72.7
1961,1299.00,12,1,57.1
1962,2400.00,18,0,81.8
1963,1799.00,17,1,85.0
1964,2300.00,17,0,70.8
1965,2099.00,20,1,74.1
1966,2200.00,16,0,72.7
1967,2200.00,16,0,69.6
1968,2000.00,14,0,73.7
1969,2300.00,17,0,70.8
1970,2100.00,15,0,78.9
1971,2400.00,18,0,72.0
1972,2300.00,17,0,68.0
1973,2400.00,18,0,85.7
1974,2300.00,17,0,77.3
1975,2500.00,19,0,90.5
1976,2700.00,21,0,77.8
1977,1699.00,16,1,64.0
1978,2200.00,16,0,69.6
1979,2900.00,23,0,85.2
1980,2400.00,18,0,81.8
1981,1499.00,14,1,66.7
1982,2300.00,17,0,85.0
1983,2500.00,19,0,76.0
1984,2200.00,16,0,72.7
1985,1800.00,12,0,50.0
1986,2500.00,19,0,67.9
1987,1299.00,12,1,54.5
1988,2100.00,15,0,68.2
1989,2200.00,16,0,69.6
1990,2500.00,19,0,73.1
1991,2300.00,17,0,68.0
1992,1799.00,17,1,70.8
1993,2600.00,20,0,83.3
1994,1499.00,14,1,53.8
1995,2200.00,16,0,66.7
1996,2300.00,17,0,73.9
1997,2100.00,15,0,75.0
1998,2700.00,21,0,87.5
1999,1399.00,13,1,65.0
2000,2100.00,15,0,65.2
2001,1599.00,15,1,68.2
2002,1699.00,16,1,69.6
2003,2000.00,14,0,63.6
2004,2600.00,20,0,76.9
2005,2100.00,15,0,65.2
2006,2400.00,18,0,81.8
2007,2000.00,14,0,58.3
2008,2400.00,18,0,78.3
2009,2200.00,16,0,69.6
2010,2300.00,17,0,73.9
2011,2500.00,19,0,70.4
2012,2500.00,19,0,73.1
2013,2000.00,14,0,66.7
2014,1499.00,14,1,63.6
2015,2500.00,19,0,86.4
2016,1699.00,16,1,69.6
2017,2000.00,14,0,66.7
2018,2000.00,14,0,63.6
2019,2500.00,19,0,79.2
2020,2100.00,15,0,71.4
2021,1599.00,15,1,65.2
2022,1399.00,13,1,61.9
2023,2500.00,19,0,79.2
2024,1399.00,13,1,54.2
2025,2700.00,21,0,87.5
2026,2400.00,18,0,81.8
2027,2200.00,16,0,66.7
2028,2300.00,17,0,89.5
2029,2400.00,18,0,78.3
2030,2500.00,19,0,86.4
2031,1799.00,17,1,77.3
2032,1098.00,15,2,62.5
2033,2600.00,20,0,83.3
2034,1899.00,18,1,75.0
2035,1900.00,13,0,68.4
2036,1699.00,16,1,66.7
2037,2200.00,16,0,69.6
2038,2500.00,19,0,73.1
2039,2300.00,17,0,68.0
2040,1599.00,15,1,65.2
2041,2800.00,22,0,81.5
2042,2400.00,18,0,75.0
2043,2600.00,20,0,74.1
2044,1499.00,14,1,70.0
2045,2500.00,19,0,79.2
2046,2099.00,20,1,76.9
2047,2200.00,16,0,72.7
2048,2100.00,15,0,78.9
2049,2600.00,20,0,90.9
2050,2099.00,20,1,76.9
2051,2600.00,20,0,83.3
2052,1499.00,14,1,63.6
2053,2300.00,17,0,81.0
2054,2300.00,17,0,73.9
2055,2000.00,14,0,63.6
2056,1598.00,20,2,76.9
2057,2400.00,18,0,81.8
2058,2000.00,14,0,63.6
2059,2400.00,18,0,81.8
2060,1599.00,15,1,62.5
2061,2300.00,17,0,73.9
2062,2200.00,16,0,64.0
2063,2600.00,20,0,76.9
2064,2300.00,17,0,73.9
2065,1699.00,16,1,66.7
2066,2200.00,16,0,66.7
2067,2300.00,17,0,81.0
2068,2000.00,14,0,63.6
2069,2000.00,14,0,70.0
2070,2400.00,18,0,75.0
2071,2300.00,17,0,65.4
2072,2300.00,17,0,85.0
2073,1398.00,18,2,72.0
2074,2400.00,18,0,69.2
2075,2100.00,15,0,71.4
2076,2000.00,14,0,63.6
2077,2300.00,17,0,85.0
2078,1699.00,16,1,72.7
2079,2200.00,16,0,69.6
2080,2600.00,20,0,83.3
2081,2500.00,19,0,82.6
2082,2200.00,16,0,76.2
2083,2400.00,18,0,81.8
2084,2600.00,20,0,87.0
2085,1499.00,14,1,58.3
2086,2100.00,15,0,68.2
2087,2300.00,17,0,77.3
2088,1799.00,17,1,73.9
2089,2200.00,16,0,72.7
2090,2300.00,17,0,73.9
2091,1900.00,13,0,61.9
2092,2200.00,16,0,66.7
2093,2300.00,17,0,73.9
2094,2200.00,16,0,72.7
2095,2300.00,17,0,65.4
2096,2700.00,21,0,84.0
2097,2100.00,15,0,75.0
2098,1900.00,13,0,65.0
2099,2400.00,18,0,69.2
2100,1999.00,19,1,82.6
2101,2200.00,16,0,72.7
2102,2000.00,14,0,63.6
2103,2400.00,18,0,81.8
2104,2100.00,15,0,71.4
2105,2400.00,18,0,81.8
2106,2400.00,18,0,72.0
2107,2400.00,18,0,69.2
2108,2700.00,21,0,80.8
2109,2200.00,16,0,64.0
2110,2200.00,16,0,66.7
2111,2400.00,18,0,75.0
2112,2600.00,20,0,74.1
2113,1699.00,16,1,69.6
2114,2000.00,14,0,77.8
2115,2700.00,21,0,77.8
2116,2400.00,18,0,75.0
2117,2000.00,14,0,66.7
2118,2200.00,16,0,84.2
2119,2099.00,20,1,74.1
2120,2400.00,18,0,85.7
2121,2700.00,21,0,87.5
2122,2400.00,18,0,90.0
2123,2300.00,17,0,73.9
2124,2000.00,14,0,66.7
2125,2300.00,17,0,70.8
2126,1599.00,15,1,68.2
2127,2600.00,20,0,80.0
2128,2099.00,20,1,80.0
2129,1699.00,16,1,80.0
2130,2200.00,16,0,69.6
2131,2500.00,19,0,86.4
2132,1699.00,16,1,76.2
2133,2200.00,16,0,84.2
2134,1900.00,13,0,65.0
2135,1900.00,13,0,61.9
2136,2300.00,17,0,65.4
2137,2500.00,19,0,76.0
2138,1799.00,17,1,68.0
2139,1899.00,18,1,78.3
2140,2200.00,16,0,72.7
2141,2800.00,22,0,78.6
2142,2500.00,19,0,70.4
2143,1699.00,16,1,80.0
2144,1999.00,19,1,73.1
2145,1599.00,15,1,71.4
2146,2400.00,18,0,75.0
2147,2200.00,16,0,72.7
2148,2300.00,17,0,70.8
2149,2300.00,17,0,73.9
2150,2200.00,16,0,76.2
2151,2500.00,19,0,76.0
2152,1799.00,17,1,77.3
2153,2300.00,17,0,68.0
2154,2600.00,20,0,80.0
2155,2600.00,20,0,90.9
2156,1299.00,12,1,60.0
2157,2500.00,19,0,70.4
2158,2500.00,19,0,86.4
2159,2400.00,18,0,78.3
2160,2500.00,19,0,86.4
2161,898.00,13,2,61.9
2162,2400.00,18,0,81.8
2163,2600.00,20,0,87.0
2164,2800.00,22,0,84.6
2165,2100.00,15,0,57.7
2166,2200.00,16,0,80.0
2167,2000.00,14,0,60.9
2168,2700.00,21,0,80.8
2169,1899.00,18,1,72.0
2170,2200.00,16,0,72.7
2171,1198.00,16,2,61.5
2172,1699.00,16,1,72.7
2173,2400.00,18,0,78.3
2174,2300.00,17,0,70.8
2175,2400.00,18,0,75.0
2176,2400.00,18,0,85.7
2177,2600.00,20,0,87.0
2178,2100.00,15,0,60.0
2179,1699.00,16,1,64.0
2180,1599.00,15,1,78.9
2181,1999.00,19,1,79.2
2182,2100.00,15,0,65.2
2183,2600.00,20,0,87.0
2184,1599.00,15,1,65.2
2185,1999.00,19,1,76.0
2186,1799.00,17,1,70.8
2187,2200.00,16,0,64.0
2188,2400.00,18,0,75.0
2189,2300.00,17,0,81.0
2190,2200.00,16,0,80.0
2191,1999.00,19,1,82.6
2192,2400.00,18,0,75.0
2193,2700.00,21,0,91.3
2194,2600.00,20,0,80.0
2195,2300.00,17,0,77.3
2196,2400.00,18,0,81.8
2197,2400.00,18,0,75.0
2198,1999.00,19,1,86.4
2199,2100.00,15,0,68.2
2200,2000.00,14,0,77.8
2201,2200.00,16,0,76.2
2202,2000.00,14,0,66.7
2203,2400.00,18,0,69.2
2204,1699.00,16,1,64.0
2205,2200.00,16,0,76.2
2206,2400.00,18,0,72.0
2207,2400.00,18,0,78.3
2208,2300.00,17,0,85.0
2209,2800.00,22,0,81.5
2210,2100.00,15,0,65.2
2211,2500.00,19,0,82.6
2212,2500.00,19,0,73.1
2213,2300.00,17,0,77.3
2214,2600.00,20,0,76.9
2215,898.00,13,2,61.9
2216,1399.00,13,1,65.0
2217,2500.00,19,0,73.1
2218,2100.00,15,0,71.4
2219,2400.00,18,0,75.0
2220,2700.00,21,0,80.8
2221,2400.00,18,0,85.7
2222,1999.00,19,1,82.6
2223,2400.00,18,0,85.7
2224,2200.00,16,0,66.7
2225,2400.00,18,0,75.0
2226,2400.00,18,0,81.8
2227,3000.00,24,0,88.9
2228,1198.00,16,2,61.5
2229,2700.00,21,0,87.5
2230,2199.00,21,1,84.0
2231,2500.00,19,0,82.6
2232,2400.00,18,0,78.3
2233,2400.00,18,0,72.0
2234,1399.00,13,1,56.5
2235,1599.00,15,1,68.2
2236,3000.00,24,0,92.3
2237,2100.00,15,0,68.2
2238,2200.00,16,0,72.7
2239,2500.00,19,0,76.0
2240,2400.00,18,0,85.7
2241,2000.00,14,0,73.7
2242,2100.00,15,0,71.4
2243,2500.00,19,0,76.0
2244,1900.00,13,0,61.9
2245,1799.00,17,1,70.8
2246,2400.00,18,0,81.8
2247,2000.00,14,0,70.0
2248,2700.00,21,0,77.8
2249,1799.00,17,1,73.9
2250,2200.00,16,0,66.7
2251,2600.00,20,0,87.0
2252,2200.00,16,0,72.7
2253,1699.00,16,1,69.6
2254,1800.00,12,0,57.1
2255,2200.00,16,0,66.7
2256,2600.00,20,0,87.0
2257,2200.00,16,0,66.7
2258,2200.00,16,0,72.7
2259,2500.00,19,0,79.2
2260,2500.00,19,0,90.5
2261,2500.00,19,0,70.4
2262,1799.00,17,1,73.9
2263,2000.00,14,0,66.7
2264,2600.00,20,0,80.0
2265,1899.00,18,1,81.8
2266,2099.00,20,1,74.1
2267,1800.00,12,0,63.2
2268,2600.00,20,0,80.0
2269,2700.00,21,0,84.0
2270,2400.00,18,0,75.0
2271,1498.00,19,2,76.0
2272,2400.00,18,0,69.2
2273,2200.00,16,0,64.0
2274,2500.00,19,0,73.1
2275,2300.00,17,0,70.8
2276,2500.00,19,0,76.0
2277,2200.00,16,0,66.7
2278,2100.00,15,0,65.2
2279,2100.00,15,0,68.2
2280,2700.00,21,0,77.8
2281,2199.00,21,1,77.8
2282,2000.00,14,0,66.7
2283,1899.00,18,1,72.0
2284,1599.00,15,1,62.5
2285,2300.00,17,0,70.8
2286,2000.00,14,0,66.7
2287,1498.00,19,2,73.1
2288,2100.00,15,0,62.5
2289,2600.00,20,0,83.3
2290,2300.00,17,0,77.3
2291,2200.00,16,0,72.7
2292,2700.00,21,0,87.5
2293,2400.00,18,0,75.0
2294,2300.00,17,0,68.0
2295,2300.00,17,0,73.9
2296,2500.00,19,0,73.1
2297,998.00,14,2,60.9
2298,2200.00,16,0,69.6
2299,3000.00,24,0,88.9
2300,1499.00,14,1,73.7
2301,2200.00,16,0,72.7
2302,2800.00,22,0,88.0
2303,2600.00,20,0,95.2
2304,2200.00,16,0,69.6
2305,2100.00,15,0,62.5
2306,2100.00,15,0,65.2
2307,1899.00,18,1,75.0
2308,1599.00,15,1,65.2
2309,2400.00,18,0,75.0
2310,2000.00,14,0,63.6
2311,2400.00,18,0,81.8
2312,2200.00,16,0,66.7
2313,2000.00,14,0,70.0
2314,2100.00,15,0,65.2
2315,2700.00,21,0,77.8
2316,2500.00,19,0,76.0
2317,2300.00,17,0,73.9
2318,2600.00,20,0,80.0
2319,2300.00,17,0,77.3
2320,2300.00,17,0,77.3
2321,2600.00,20,0,80.0
2322,2200.00,16,0,72.7
2323,2000.00,14,0,66.7
2324,2500.00,19,0,82.6
2325,1699.00,16,1,80.0
2326,2300.00,17,0,70.8
2327,1499.00,14,1,60.9
2328,2200.00,16,0,72.7
2329,2000.00,14,0,66.7
2330,2600.00,20,0,83.3
2331,2500.00,19,0,73.1
2332,2100.00,15,0,75.0
2333,1298.00,17,2,68.0
2334,1999.00,19,1,73.1
2335,2300.00,17,0,77.3
2336,2200.00,16,0,72.7
2337,2400.00,18,0,81.8
2338,2200.00,16,0,84.2
2339,2600.00,20,0,90.9
2340,1900.00,13,0,68.4
2341,2200.00,16,0,66.7
2342,1899.00,18,1,78.3
2343,1799.00,17,1,77.3
2344,2600.00,20,0,80.0
2345,1399.00,13,1,54.2
2346,2600.00,20,0,80.0
2347,2200.00,16,0,72.7
2348,2200.00,16,0,76.2
2349,2300.00,17,0,73.9
2350,2100.00,15,0,83.3
2351,1599.00,15,1,68.2
2352,2100.00,15,0,68.2
2353,2600.00,20,0,90.9
2354,1900.00,13,0,59.1
2355,2400.00,18,0,75.0
2356,2600.00,20,0,76.9
2357,2099.00,20,1,76.9
2358,1699.00,16,1,66.7
2359,2000.00,14,0,66.7
2360,1298.00,17,2,68.0
2361,2400.00,18,0,75.0
2362,1399.00,13,1,65.0
2363,2300.00,17,0,77.3
2364,2400.00,18,0,81.8
2365,2200.00,16,0,80.0
2366,1399.00,13,1,56.5
2367,2200.00,16,0,69.6
2368,1799.00,17,1,81.0
2369,1699.00,16,1,69.6
2370,2800.00,22,0,91.7
2371,2100.00,15,0,75.0
2372,2400.00,18,0,78.3
2373,2500.00,19,0,79.2
2374,1198.00,16,2,64.0
2375,2100.00,15,0,71.4
2376,1800.00,12,0,66.7
2377,2500.00,19,0,86.4
2378,2600.00,20,0,87.0
2379,2100.00,15,0,65.2
2380,2700.00,21,0,77.8
2381,2200.00,16,0,59.3
2382,1499.00,14,1,58.3
2383,1699.00,16,1,72.7
2384,2500.00,19,0,82.6
2385,2100.00,15,0,68.2
2386,2200.00,16,0,76.2
2387,2500.00,19,0,76.0
2388,1999.00,19,1,70.4
2389,1799.00,17,1,70.8
2390,1399.00,13,1,59.1
2391,2500.00,19,0,79.2
2392,2400.00,18,0,81.8
2393,2300.00,17,0,81.0
2394,2400.00,18,0,75.0
2395,1999.00,19,1,79.2
2396,2300.00,17,0,77.3
2397,1799.00,17,1,77.3
2398,2099.00,20,1,74.1
2399,2200.00,16,0,69.6
2400,1399.00,13,1,61.9
2401,2200.00,16,0,66.7
2402,2600.00,20,0,80.0
2403,1699.00,16,1,69.6
2404,2100.00,15,0,75.0
2405,2700.00,21,0,91.3
2406,1800.00,12,0,60.0
2407,1800.00,12,0,50.0
2408,2400.00,18,0,72.0
2409,1398.00,18,2,78.3
2410,1699.00,16,1,72.7
2411,2500.00,19,0,86.4
2412,2300.00,17,0,73.9
2413,2300.00,17,0,85.0
2414,2200.00,16,0,69.6
2415,2000.00,14,0,56.0
2416,2200.00,16,0,66.7
2417,2100.00,15,0,78.9
2418,1499.00,14,1,63.6
2419,2200.00,16,0,64.0
2420,2100.00,15,0,68.2
2421,2700.00,21,0,80.8
2422,2099.00,20,1,87.0
2423,2000.00,14,0,58.3
2424,1699.00,16,1,69.6
2425,2400.00,18,0,90.0
2426,2600.00,20,0,74.1
2427,2200.00,16,0,64.0
2428,2400.00,18,0,90.0
2429,1599.00,15,1,62.5
2430,1799.00,17,1,81.0
2431,2500.00,19,0,90.5
2432,2000.00,14,0,63.6
2433,2500.00,19,0,82.6
2434,1899.00,18,1,90.0
2435,2300.00,17,0,68.0
2436,2600.00,20,0,76.9
2437,2400.00,18,0,78.3
2438,2000.00,14,0,60.9
2439,2300.00,17,0,77.3
2440,2600.00,20,0,74.1
2441,2099.00,20,1,76.9
2442,2300.00,17,0,77.3
2443,2000.00,14,0,63.6
2444,2300.00,17,0,77.3
2445,1499.00,14,1,63.6
2446,2200.00,16,0,76.2
2447,2700.00,21,0,87.5
2448,2300.00,17,0,81.0
2449,1899.00,18,1,85.7
2450,2300.00,17,0,73.9
2451,2200.00,16,0,66.7
2452,2300.00,17,0,77.3
2453,2200.00,16,0,84.2
2454,2600.00,20,0,83.3
2455,2200.00,16,0,72.7
2456,2400.00,18,0,75.0
2457,2000.00,14,0,66.7
2458,3000.00,24,0,92.3
2459,2200.00,16,0,61.5
2460,2600.00,20,0,83.3
2461,2400.00,18,0,66.7
2462,2400.00,18,0,81.8
2463,2100.00,15,0,83.3
2464,2200.00,16,0,72.7
2465,1599.00,15,1,68.2
2466,2400.00,18,0,75.0
2467,2000.00,14,0,66.7
2468,2300.00,17,0,81.0
2469,2000.00,14,0,73.7
2470,1199.00,11,1,61.1
2471,1499.00,14,1,73.7
2472,1699.00,16,1,84.2
2473,1399.00,13,1,56.5
2474,2300.00,17,0,89.5
2475,2600.00,20,0,74.1
2476,2400.00,18,0,81.8
2477,2200.00,16,0,72.7
2478,2700.00,21,0,91.3
2479,2100.00,15,0,75.0
2480,2300.00,17,0,81.0
2481,2300.00,17,0,68.0
2482,2300.00,17,0,81.0
2483,798.00,12,2,54.5
2484,2700.00,21,0,80.8
2485,2300.00,17,0,77.3
2486,2100.00,15,0,71.4
2487,1699.00,16,1,69.6
2488,2800.00,22,0,95.7
2489,2100.00,15,0,65.2
2490,2200.00,16,0,69.6
2491,2700.00,21,0,84.0
2492,3000.00,24,0,85.7
2493,2500.00,19,0,76.0
2494,2400.00,18,0,81.8
2495,2600.00,20,0,74.1
2496,2300.00,17,0,81.0
2497,2300.00,17,0,73.9
2498,2100.00,15,0,68.2
2499,2200.00,16,0,72.7
2500,2300.00,17,0,70.8
2501,2000.00,14,0,56.0
2502,2400.00,18,0,78.3
2503,2000.00,14,0,66.7
2504,2300.00,17,0,73.9
2505,1800.00,12,0,57.1
2506,2600.00,20,0,95.2
2507,2300.00,17,0,70.8
2508,1699.00,16,1,66.7
2509,2100.00,15,0,75.0
2510,2700.00,21,0,80.8
2511,2300.00,17,0,81.0
2512,2700.00,21,0,87.5
2513,2200.00,16,0,72.7
2514,2200.00,16,0,76.2
2515,2400.00,18,0,78.3
2516,2300.00,17,0,70.8
2517,2000.00,14,0,70.0
2518,2500.00,19,0,70.4
2519,1900.00,13,0,56.5
2520,1699.00,16,1,69.6
2521,2800.00,22,0,84.6
2522,2400.00,18,0,72.0
2523,2700.00,21,0,84.0
2524,1900.00,13,0,59.1
2525,2400.00,18,0,78.3
2526,2100.00,15,0,65.2
2527,2600.00,20,0,83.3
2528,1900.00,13,0,56.5
2529,2400.00,18,0,72.0
2530,1899.00,18,1,69.2
2531,2300.00,17,0,77.3
2532,2600.00,20,0,74.1
2533,1699.00,16,1,61.5
2534,2600.00,20,0,83.3
2535,1199.00,11,1,50.0
2536,2500.00,19,0,86.4
2537,2300.00,17,0,68.0
2538,1499.00,14,1,66.7
2539,2200.00,16,0,72.7
2540,2500.00,19,0,86.4
2541,1399.00,13,1,61.9
2542,2400.00,18,0,81.8
2543,1899.00,18,1,81.8
2544,2500.00,19,0,76.0
2545,2600.00,20,0,83.3
2546,998.00,14,2,63.6
2547,1699.00,16,1,76.2
2548,1699.00,16,1,61.5
2549,2000.00,14,0,73.7
2550,2500.00,19,0,79.2
2551,1900.00,13,0,65.0
2552,2000.00,14,0,60.9
2553,1900.00,13,0,65.0
2554,2700.00,21,0,80.8
2555,2200.00,16,0,69.6
2556,1799.00,17,1,68.0
2557,2300.00,17,0,81.0
2558,1900.00,13,0,61.9
2559,2600.00,20,0,87.0
2560,1699.00,16,1,72.7
2561,2200.00,16,0,72.7
2562,1899.00,18,1,75.0
2563,2000.00,14,0,66.7
2564,2200.00,16,0,69.6
2565,2200.00,16,0,76.2
2566,1800.00,12,0,57.1
2567,1399.00,13,1,61.9
2568,2200.00,16,0,80.0
2569,2500.00,19,0,82.6
2570,2000.00,14,0,63.6
2571,3000.00,24,0,92.3
2572,2300.00,17,0,73.9
2573,1899.00,18,1,72.0
2574,2000.00,14,0,60.9
2575,2000.00,14,0,70.0
2576,2200.00,16,0,69.6
2577,1699.00,16,1,69.6
2578,2200.00,16,0,76.2
2579,2200.00,16,0,64.0
2580,2300.00,17,0,77.3
2581,2200.00,16,0,72.7
2582,1900.00,13,0,61.9
2583,1399.00,13,1,65.0
2584,1599.00,15,1,53.6
2585,2500.00,19,0,86.4
2586,1899.00,18,1,75.0
2587,1599.00,15,1,68.2
2588,2200.00,16,0,66.7
2589,2500.00,19,0,70.4
2590,2200.00,16,0,72.7
2591,1399.00,13,1,72.2
2592,2100.00,15,0,75.0
2593,2500.00,19,0,86.4
2594,998.00,14,2,60.9
2595,2400.00,18,0,72.0
2596,2400.00,18,0,81.8
2597,1499.00,14,1,70.0
2598,2100.00,15,0,75.0
2599,2100.00,15,0,65.2
2600,1698.00,21,2,80.8
2601,1799.00,17,1,70.8
2602,2400.00,18,0,78.3
2603,1098.00,15,2,68.2
2604,1899.00,18,1,72.0
2605,2300.00,17,0,73.9
2606,2500.00,19,0,79.2
2607,2300.00,17,0,70.8
2608,2400.00,18,0,72.0
2609,2400.00,18,0,75.0
2610,1899.00,18,1,81.8
2611,2300.00,17,0,73.9
2612,2400.00,18,0,81.8
2613,2600.00,20,0,74.1
2614,1999.00,19,1,79.2
2615,2100.00,15,0,65.2
2616,2700.00,21,0,80.8
2617,2500.00,19,0,86.4
2618,2300.00,17,0,70.8
2619,1298.00,17,2,70.8
2620,2600.00,20,0,71.4
2621,1499.00,14,1,63.6
2622,2100.00,15,0,68.2
2623,2400.00,18,0,72.0
2624,2600.00,20,0,76.9
2625,1899.00,18,1,78.3
2626,2300.00,17,0,70.8
2627,1599.00,15,1,62.5
2628,1899.00,18,1,78.3
2629,2100.00,15,0,75.0
2630,1800.00,12,0,63.2
2631,2600.00,20,0,83.3
2632,3000.00,24,0,88.9
2633,2100.00,15,0,71.4
2634,2400.00,18,0,78.3
2635,1800.00,12,0,60.0
2636,2300.00,17,0,68.0
2637,2100.00,15,0,65.2
2638,2000.00,14,0,66.7
2639,2500.00,19,0,79.2
2640,2200.00,16,0,69.6
2641,1599.00,15,1,75.0
2642,2800.00,22,0,81.5
2643,2200.00,16,0,76.2
2644,2200.00,16,0,76.2
2645,2300.00,17,0,73.9
2646,1499.00,14,1,56.0
2647,2200.00,16,0,80.0
2648,2100.00,15,0,78.9
2649,2300.00,17,0,70.8
2650,2500.00,19,0,82.6
2651,2100.00,15,0,78.9
2652,2200.00,16,0,80.0
2653,2300.00,17,0,68.0
2654,2700.00,21,0,87.5
2655,2100.00,15,0,75.0
2656,1499.00,14,1,56.0
2657,1698.00,21,2,84.0
2658,2700.00,21,0,84.0
2659,2200.00,16,0,80.0
2660,1299.00,12,1,57.1
2661,2000.00,14,0,63.6
2662,2400.00,18,0,78.3
2663,2400.00,18,0,75.0
2664,1699.00,16,1,76.2
2665,2500.00,19,0,73.1
2666,2100.00,15,0,62.5
2667,2100.00,15,0,71.4
2668,2500.00,19,0,73.1
2669,2100.00,15,0,65.2
2670,1298.00,17,2,70.8
2671,2200.00,16,0,69.6
2672,2300.00,17,0,85.0
2673,2500.00,19,0,79.2
2674,1399.00,13,1,59.1
2675,2400.00,18,0,75.0
2676,1500.00,9,0,45.0
2677,2800.00,22,0,91.7
2678,2200.00,16,0,72.7
2679,2300.00,17,0,68.0
2680,2100.00,15,0,71.4
2681,2800.00,22,0,88.0
2682,2900.00,23,0,88.5
2683,2900.00,23,0,88.5
2684,1699.00,16,1,66.7
2685,1899.00,18,1,72.0
2686,2100.00,15,0,65.2
2687,2400.00,18,0,75.0
2688,2200.00,16,0,69.6
2689,2300.00,17,0,73.9
2690,1299.00,12,1,60.0
2691,1900.00,13,0,68.4
2692,2000.00,14,0,70.0
2693,2400.00,18,0,94.7
2694,2000.00,14,0,66.7
2695,2400.00,18,0,75.0
2696,2000.00,14,0,66.7
2697,2200.00,16,0,72.7
2698,1899.00,18,1,69.2
2699,1699.00,16,1,72.7
2700,2700.00,21,0,75.0
2701,2000.00,14,0,58.3
2702,1399.00,13,1,59.1
2703,2500.00,19,0,86.4
2704,1599.00,15,1,60.0
2705,1700.00,11,0,50.0
2706,2700.00,21,0,84.0
2707,2300.00,17,0,70.8
2708,2300.00,17,0,73.9
2709,1299.00,12,1,60.0
2710,2100.00,15,0,60.0
2711,2000.00,14,0,70.0
2712,1499.00,14,1,70.0
2713,2300.00,17,0,77.3
2714,2099.00,20,1,80.0
2715,2400.00,18,0,75.0
2716,1799.00,17,1,68.0
2717,2200.00,16,0,69.6
2718,1999.00,19,1,73.1
2719,2500.00,19,0,82.6
2720,2500.00,19,0,79.2
2721,1599.00,15,1,78.9
2722,2400.00,18,0,64.3
2723,2300.00,17,0,68.0
2724,2500.00,19,0,73.1
2725,2100.00,15,0,62.5
2726,2400.00,18,0,85.7
2727,1900.00,13,0,61.9
2728,2100.00,15,0,68.2
2729,2400.00,18,0,78.3
2730,1399.00,13,1,52.0
2731,1499.00,14,1,70.0
2732,2200.00,16,0,61.5
2733,2199.00,21,1,84.0
2734,2700.00,21,0,84.0
2735,2500.00,19,0,82.6
2736,1899.00,18,1,69.2
2737,1900.00,13,0,59.1
2738,2400.00,18,0,81.8
2739,1800.00,12,0,66.7
2740,1799.00,17,1,68.0
2741,2300.00,17,0,77.3
2742,2700.00,21,0,80.8
2743,1599.00,15,1,68.2
2744,2100.00,15,0,65.2
2745,1999.00,19,1,73.1
2746,1499.00,14,1,60.9
2747,2600.00,20,0,76.9
2748,2700.00,21,0,84.0
2749,1398.00,18,2,64.3
2750,1799.00,17,1,85.0
2751,2000.00,14,0,56.0
2752,898.00,13,2,54.2
2753,1599.00,15,1,68.2
2754,2700.00,21,0,87.5
2755,2300.00,17,0,63.0
2756,2100.00,15,0,68.2
2757,2100.00,15,0,75.0
2758,2200.00,16,0,66.7
2759,2400.00,18,0,72.0
2760,2100.00,15,0,65.2
2761,2300.00,17,0,77.3
2762,2400.00,18,0,78.3
2763,2200.00,16,0,72.7
2764,1799.00,17,1,73.9
2765,2100.00,15,0,71.4
2766,1600.00,10,0,52.6
2767,2100.00,15,0,68.2
2768,2500.00,19,0,70.4
2769,1899.00,18,1,81.8
2770,2200.00,16,0,76.2
2771,2300.00,17,0,73.9
2772,2199.00,21,1,77.8
2773,1900.00,13,0,56.5
2774,2700.00,21,0,84.0
2775,2600.00,20,0,87.0
2776,2200.00,16,0,69.6
2777,2100.00,15,0,78.9
2778,2300.00,17,0,73.9
2779,2000.00,14,0,66.7
2780,1499.00,14,1,60.9
2781,2400.00,18,0,78.3
2782,2100.00,15,0,65.2
2783,2100.00,15,0,75.0
2784,2200.00,16,0,76.2
2785,1499.00,14,1,56.0
2786,1800.00,12,0,48.0
2787,2800.00,22,0,84.6
2788,1900.00,13,0,61.9
2789,1498.00,19,2,73.1
2790,2500.00,19,0,79.2
2791,1699.00,16,1,69.6
2792,2200.00,16,0,69.6
2793,2800.00,22,0,91.7
2794,2300.00,17,0,77.3
2795,2400.00,18,0,72.0
2796,1599.00,15,1,71.4
2797,2200.00,16,0,66.7
2798,1799.00,17,1,68.0
2799,2300.00,17,0,73.9
2800,1799.00,17,1,68.0
2801,2100.00,15,0,75.0
2802,1500.00,9,0,42.9
2803,2100.00,15,0,68.2
2804,2400.00,18,0,72.0
2805,2200.00,16,0,69.6
2806,2000.00,14,0,60.9
2807,1098.00,15,2,68.2
2808,1599.00,15,1,71.4
2809,1599.00,15,1,75.0
2810,2600.00,20,0,83.3
2811,2500.00,19,0,67.9
2812,1900.00,13,0,65.0
2813,2200.00,16,0,66.7
2814,1899.00,18,1,81.8
2815,1899.00,18,1,69.2
2816,1699.00,16,1,66.7
2817,1699.00,16,1,69.6
2818,1599.00,15,1,65.2
2819,2400.00,18,0,75.0
2820,2600.00,20,0,90.9
2821,2400.00,18,0,75.0
2822,2600.00,20,0,83.3
2823,1499.00,14,1,70.0
2824,1499.00,14,1,63.6
2825,1599.00,15,1,68.2
2826,2000.00,14,0,63.6
2827,2267.00,22,0,100.0
2828,2100.00,15,0,75.0
2829,2199.00,21,1,77.8
2830,2800.00,22,0,84.6
2831,2400.00,18,0,85.7
2832,2300.00,17,0,85.0
2833,2300.00,17,0,77.3
2834,2099.00,20,1,76.9
2835,2400.00,18,0,85.7
2836,2000.00,14,0,63.6
2837,1699.00,16,1,69.6
2838,697.00,16,3,64.0
2839,1900.00,13,0,59.1
2840,2700.00,21,0,87.5
2841,998.00,14,2,63.6
2842,2000.00,14,0,73.7
2843,2400.00,18,0,85.7
2844,2200.00,16,0,69.6
2845,2100.00,15,0,75.0
2846,2200.00,16,0,76.2
2847,2800.00,22,0,84.6
2848,2400.00,18,0,75.0
2849,2400.00,18,0,81.8
2850,2600.00,20,0,87.0
2851,2300.00,17,0,65.4
2852,2300.00,17,0,77.3
2853,2400.00,18,0,72.0
2854,2500.00,19,0,82.6
2855,2700.00,21,0,84.0
2856,2300.00,17,0,73.9
2857,2500.00,19,0,86.4
2858,2400.00,18,0,72.0
2859,1499.00,14,1,63.6
2860,2600.00,20,0,76.9
2861,1900.00,13,0,56.5
2862,1699.00,16,1,76.2
2863,2000.00,14,0,63.6
2864,2300.00,17,0,77.3
2865,2400.00,18,0,85.7
2866,1900.00,13,0,61.9
2867,1799.00,17,1,73.9
2868,2300.00,17,0,73.9
2869,1499.00,14,1,60.9
2870,2200.00,16,0,76.2
2871,2000.00,14,0,73.7
2872,1298.00,17,2,70.8
2873,1799.00,17,1,73.9
2874,2700.00,21,0,84.0
2875,2300.00,17,0,73.9
2876,2300.00,17,0,89.5
2877,1800.00,12,0,57.1
2878,2400.00,18,0,69.2
2879,1799.00,17,1,68.0
2880,2400.00,18,0,78.3
2881,2400.00,18,0,78.3
2882,2400.00,18,0,78.3
2883,2400.00,18,0,72.0
2884,2200.00,16,0,80.0
2885,2600.00,20,0,80.0
2886,2200.00,16,0,66.7
2887,2800.00,22,0,84.6
2888,2400.00,18,0,75.0
2889,1900.00,13,0,59.1
2890,1900.00,13,0,68.4
2891,2200.00,16,0,66.7
2892,1399.00,13,1,68.4
2893,1699.00,16,1,64.0
2894,2200.00,16,0,69.6
2895,1498.00,19,2,79.2
2896,2600.00,20,0,80.0
2897,1499.00,14,1,60.9
2898,2500.00,19,0,73.1
2899,2500.00,19,0,82.6
2900,2200.00,16,0,69.6
2901,1800.00,12,0,63.2
2902,2100.00,15,0,65.2
2903,2300.00,17,0,60.7
2904,2200.00,16,0,72.7
2905,1800.00,12,0,60.0
2906,2300.00,17,0,77.3
2907,2300.00,17,0,89.5
2908,2100.00,15,0,60.0
2909,2400.00,18,0,81.8
2910,2300.00,17,0,70.8
2911,1899.00,18,1,78.3
2912,2500.00,19,0,86.4
2913,2500.00,19,0,76.0
2914,2700.00,21,0,87.5
2915,1999.00,19,1,76.0
2916,1399.00,13,1,56.5
2917,2300.00,17,0,73.9
2918,2300.00,17,0,73.9
2919,2100.00,15,0,78.9
2920,2000.00,14,0,66.7
2921,2099.00,20,1,74.1
2922,898.00,13,2,68.4
2923,2600.00,20,0,87.0
2924,1899.00,18,1,78.3
2925,1699.00,16,1,80.0
2926,898.00,13,2,61.9
2927,2800.00,22,0,84.6
2928,2500.00,19,0,70.4
2929,2600.00,20,0,76.9
2930,1899.00,18,1,66.7
2931,2200.00,16,0,76.2
2932,2600.00,20,0,80.0
2933,2200.00,16,0,61.5
2934,2000.00,14,0,66.7
2935,2500.00,19,0,76.0
2936,2600.00,20,0,83.3
2937,2600.00,20,0,83.3
2938,2200.00,16,0,76.2
2939,2400.00,18,0,85.7
2940,2100.00,15,0,71.4
2941,2600.00,20,0,87.0
2942,2400.00,18,0,81.8
2943,1999.00,19,1,82.6
2944,1800.00,12,0,60.0
2945,2300.00,17,0,70.8
2946,2000.00,14,0,70.0
2947,1499.00,14,1,73.7
2948,1899.00,18,1,69.2
2949,2500.00,19,0,82.6
2950,2100.00,15,0,62.5
2951,2200.00,16,0,69.6
2952,2500.00,19,0,73.1
2953,2600.00,20,0,76.9
2954,2200.00,16,0,80.0
2955,2200.00,16,0,69.6
2956,2500.00,19,0,79.2
2957,1899.00,18,1,75.0
2958,1499.00,14,1,53.8
2959,2400.00,18,0,75.0
2960,2500.00,19,0,82.6
2961,1699.00,16,1,69.6
2962,1499.00,14,1,66.7
2963,1800.00,12,0,60.0
2964,2400.00,18,0,75.0
2965,2600.00,20,0,74.1
2966,2500.00,19,0,79.2
2967,1800.00,12,0,60.0
2968,2300.00,17,0,73.9
2969,2600.00,20,0,87.0
2970,2500.00,19,0,86.4
2971,2300.00,17,0,81.0
2972,2700.00,21,0,80.8
2973,2200.00,16,0,72.7
2974,2500.00,19,0,82.6
2975,1799.00,17,1,73.9
2976,1999.00,19,1,76.0
2977,2300.00,17,0,70.8
2978,2300.00,17,0,77.3
2979,2100.00,15,0,71.4
2980,1599.00,15,1,68.2
2981,2500.00,19,0,82.6
2982,2200.00,16,0,69.6
2983,2200.00,16,0,69.6
2984,2000.00,14,0,63.6
2985,797.00,17,3,68.0
2986,2099.00,20,1,83.3
2987,2200.00,16,0,69.6
2988,1800.00,12,0,60.0
2989,1900.00,13,0,48.1
2990,2500.00,19,0,79.2
2991,2200.00,16,0,66.7
2992,2300.00,17,0,73.9
2993,1899.00,18,1,72.0
2994,2300.00,17,0,85.0
2995,2200.00,16,0,72.7
2996,1699.00,16,1,59.3
2997,2200.00,16,0,76.2
2998,1699.00,16,1,72.7
2999,2100.00,15,0,55.6
3000,2000.00,14,0,60.9
3001,2400.00,18,0,85.7
3002,2000.00,14,0,66.7
3003,2100.00,15,0,78.9
3004,2500.00,19,0,79.2
3005,2300.00,17,0,77.3
3006,2500.00,19,0,82.6
3007,2300.00,17,0,73.9
3008,2300.00,17,0,63.0
3009,2800.00,22,0,81.5
3010,1399.00,13,1,54.2
3011,2300.00,17,0,77.3
3012,2300.00,17,0,77.3
3013,2100.00,15,0,68.2
3014,2100.00,15,0,65.2
3015,2099.00,20,1,80.0
3016,2400.00,18,0,75.0
3017,2300.00,17,0,81.0
3018,2200.00,16,0,80.0
3019,2200.00,16,0,66.7
3020,1900.00,13,0,61.9
3021,2100.00,15,0,68.2
3022,1999.00,19,1,73.1
3023,2100.00,15,0,75.0
3024,2400.00,18,0,78.3
3025,2300.00,17,0,70.8
3026,2500.00,19,0,79.2
3027,2400.00,18,0,75.0
3028,2100.00,15,0,75.0
3029,2000.00,14,0,77.8
3030,1999.00,19,1,86.4
3031,1399.00,13,1,72.2
3032,2700.00,21,0,84.0
3033,1799.00,17,1,77.3
3034,897.00,18,3,78.3
3035,2300.00,17,0,85.0
3036,2200.00,16,0,84.2
3037,1499.00,14,1,70.0
3038,2000.00,14,0,63.6
3039,2200.00,16,0,59.3
3040,2300.00,17,0,70.8
3041,1398.00,18,2,78.3
3042,2300.00,17,0,65.4
3043,2700.00,21,0,75.0
3044,2700.00,21,0,91.3
3045,2700.00,21,0,80.8
3046,1899.00,18,1,81.8
3047,2100.00,15,0,71.4
3048,2300.00,17,0,70.8
3049,2100.00,15,0,78.9
3050,1799.00,17,1,77.3
3051,2100.00,15,0,62.5
3052,2200.00,16,0,66.7
3053,1899.00,18,1,66.7
3054,1899.00,18,1,75.0
3055,1799.00,17,1,73.9
3056,2400.00,18,0,94.7
3057,2100.00,15,0,78.9
3058,2400.00,18,0,78.3
3059,1999.00,19,1,73.1
3060,2700.00,21,0,87.5
3061,2600.00,20,0,71.4
3062,1899.00,18,1,75.0
3063,2100.00,15,0,65.2
3064,1499.00,14,1,60.9
3065,2200.00,16,0,66.7
3066,1999.00,19,1,73.1
3067,2400.00,18,0,69.2
3068,2400.00,18,0,72.0
3069,2300.00,17,0,77.3
3070,1499.00,14,1,63.6
3071,2100.00,15,0,75.0
3072,2100.00,15,0,68.2
3073,2300.00,17,0,73.9
3074,2200.00,16,0,76.2
3075,1499.00,14,1,63.6
3076,2200.00,16,0,72.7
3077,2600.00,20,0,83.3
3078,2100.00,15,0,65.2
3079,1399.00,13,1,61.9
3080,1900.00,13,0,65.0
3081,2500.00,19,0,73.1
3082,1600.00,10,0,40.0
3083,2700.00,21,0,84.0
3084,1399.00,13,1,72.2
3085,2000.00,14,0,66.7
3086,1599.00,15,1,65.2
3087,1699.00,16,1,66.7
3088,2600.00,20,0,83.3
3089,2100.00,15,0,65.2
3090,2500.00,19,0,82.6
3091,1799.00,17,1,77.3
3092,2200.00,16,0,76.2
3093,1999.00,19,1,70.4
3094,2400.00,18,0,75.0
3095,2100.00,15,0,83.3
3096,2200.00,16,0,69.6
3097,1799.00,17,1,85.0
3098,2500.00,19,0,79.2
3099,2200.00,16,0,64.0
3100,2300.00,17,0,70.8
3101,2300.00,17,0,70.8
3102,1700.00,11,0,50.0
3103,2300.00,17,0,70.8
3104,1499.00,14,1,60.9
3105,2200.00,16,0,88.9
3106,2400.00,18,0,81.8
3107,1899.00,18,1,69.2
3108,2600.00,20,0,76.9
3109,2200.00,16,0,72.7
3110,2200.00,16,0,69.6
3111,2400.00,18,0,69.2
3112,1899.00,18,1,69.2
3113,2500.00,19,0,95.0
3114,1899.00,18,1,78.3
3115,1699.00,16,1,64.0
3116,2200.00,16,0,61.5
3117,2300.00,17,0,77.3
3118,2400.00,18,0,78.3
3119,2000.00,14,0,63.6
3120,2100.00,15,0,83.3
3121,2300.00,17,0,81.0
3122,1499.00,14,1,70.0
3123,2300.00,17,0,77.3
3124,2300.00,17,0,89.5
3125,3000.00,24,0,96.0
3126,2200.00,16,0,64.0
3127,2300.00,17,0,70.8
3128,1999.00,19,1,82.6
3129,2700.00,21,0,87.5
3130,2200.00,16,0,66.7
3131,2400.00,18,0,81.8
3132,2200.00,16,0,84.2
3133,2000.00,14,0,66.7
3134,2600.00,20,0,80.0
3135,2200.00,16,0,80.0
3136,2600.00,20,0,76.9
3137,2400.00,18,0,78.3
3138,2500.00,19,0,76.0
3139,2700.00,21,0,80.8
3140,2400.00,18,0,81.8
3141,2700.00,21,0,84.0
3142,999.00,9,1,42.9
3143,2500.00,19,0,95.0
3144,2000.00,14,0,56.0
3145,2200.00,16,0,76.2
3146,2300.00,17,0,77.3
3147,2100.00,15,0,68.2
3148,2500.00,19,0,86.4
3149,2500.00,19,0,86.4
3150,1499.00,14,1,63.6
3151,1900.00,13,0,68.4
3152,2400.00,18,0,90.0
3153,2000.00,14,0,63.6
3154,2500.00,19,0,76.0
3155,2200.00,16,0,84.2
3156,2400.00,18,0,69.2
3157,2200.00,16,0,80.0
3158,2300.00,17,0,85.0
3159,2500.00,19,0,67.9
3160,2700.00,21,0,87.5
3161,1799.00,17,1,65.4
3162,2000.00,14,0,56.0
3163,2000.00,14,0,63.6
3164,2000.00,14,0,70.0
3165,2200.00,16,0,66.7
3166,2900.00,23,0,82.1
3167,2500.00,19,0,79.2
3168,1899.00,18,1,78.3
3169,2100.00,15,0,71.4
3170,2200.00,16,0,64.0
3171,2000.00,14,0,70.0
3172,2600.00,20,0,76.9
3173,2400.00,18,0,75.0
3174,1398.00,18,2,66.7
3175,1799.00,17,1,77.3
3176,2100.00,15,0,62.5
3177,2400.00,18,0,78.3
3178,2400.00,18,0,69.2
3179,2200.00,16,0,66.7
3180,2300.00,17,0,70.8
3181,2100.00,15,0,68.2
3182,1599.00,15,1,71.4
3183,1198.00,16,2,64.0
3184,2200.00,16,0,80.0
3185,2500.00,19,0,86.4
3186,1298.00,17,2,65.4
3187,2300.00,17,0,70.8
3188,1700.00,11,0,47.8
3189,2699.00,26,1,92.9
3190,2300.00,17,0,77.3
3191,2500.00,19,0,79.2
3192,2300.00,17,0,77.3
3193,2200.00,16,0,84.2
3194,2300.00,17,0,73.9
3195,2300.00,17,0,70.8
3196,2200.00,16,0,72.7
3197,2300.00,17,0,68.0
3198,1599.00,15,1,75.0
3199,1699.00,16,1,76.2
3200,2500.00,19,0,82.6
3201,1900.00,13,0,65.0
3202,1399.00,13,1,61.9
3203,1900.00,13,0,56.5
3204,2200.00,16,0,84.2
3205,1699.00,16,1,61.5
3206,2099.00,20,1,76.9
3207,2500.00,19,0,76.0
3208,2200.00,16,0,72.7
3209,1098.00,15,2,68.2
3210,2400.00,18,0,81.8
3211,1299.00,12,1,52.2
3212,2300.00,17,0,73.9
3213,2400.00,18,0,75.0
3214,1700.00,11,0,57.9
3215,2300.00,17,0,81.0
3216,2200.00,16,0,76.2
3217,2000.00,14,0,60.9
3218,1499.00,14,1,63.6
3219,2300.00,17,0,70.8
3220,2400.00,18,0,72.0
3221,1599.00,15,1,71.4
3222,1399.00,13,1,56.5
3223,2300.00,17,0,81.0
3224,1599.00,15,1,60.0
3225,2300.00,17,0,65.4
3226,1299.00,12,1,60.0
3227,2000.00,14,0,66.7
3228,2200.00,16,0,80.0
3229,2000.00,14,0,63.6
3230,1399.00,13,1,54.2
3231,2000.00,14,0,60.9
3232,2200.00,16,0,72.7
3233,2600.00,20,0,83.3
3234,2300.00,17,0,73.9
3235,2000.00,14,0,66.7
3236,2300.00,17,0,77.3
3237,2300.00,17,0,77.3
3238,2300.00,17,0,73.9
3239,2300.00,17,0,77.3
3240,1499.00,14,1,56.0
3241,2600.00,20,0,74.1
3242,1900.00,13,0,59.1
3243,2400.00,18,0,78.3
3244,2400.00,18,0,78.3
3245,2400.00,18,0,90.0
3246,2000.00,14,0,73.7
3247,1800.00,12,0,63.2
3248,2200.00,16,0,69.6
3249,1699.00,16,1,80.0
3250,2700.00,21,0,84.0
3251,1999.00,19,1,73.1
3252,2700.00,21,0,87.5
3253,1499.00,14,1,70.0
3254,1599.00,15,1,65.2
3255,2200.00,16,0,69.6
3256,1699.00,16,1,66.7
3257,2000.00,14,0,60.9
3258,2400.00,18,0,78.3
3259,2300.00,17,0,77.3
3260,2300.00,17,0,85.0
3261,2800.00,22,0,95.7
3262,2100.00,15,0,83.3
3263,1899.00,18,1,78.3
3264,2600.00,20,0,80.0
3265,2400.00,18,0,78.3
3266,2500.00,19,0,82.6
3267,2500.00,19,0,86.4
3268,1599.00,15,1,78.9
3269,1999.00,19,1,76.0
3270,1800.00,12,0,57.1
3271,2300.00,17,0,70.8
3272,2300.00,17,0,65.4
3273,2500.00,19,0,79.2
3274,2300.00,17,0,77.3
3275,2800.00,22,0,88.0
3276,1799.00,17,1,73.9
3277,1800.00,12,0,54.5
3278,2500.00,19,0,79.2
3279,2300.00,17,0,73.9
3280,2300.00,17,0,68.0
3281,2300.00,17,0,77.3
3282,2400.00,18,0,66.7
3283,2400.00,18,0,85.7
3284,2100.00,15,0,62.5
3285,2100.00,15,0,68.2
3286,2700.00,21,0,77.8
3287,2400.00,18,0,78.3
3288,2100.00,15,0,60.0
3289,2099.00,20,1,74.1
3290,1999.00,19,1,79.2
3291,2000.00,14,0,66.7
3292,1899.00,18,1,69.2
3293,2700.00,21,0,75.0
3294,1699.00,16,1,80.0
3295,2400.00,18,0,69.2
3296,2700.00,21,0,77.8
3297,2400.00,18,0,66.7
3298,2700.00,21,0,87.5
3299,2500.00,19,0,79.2
3300,2200.00,16,0,69.6
3301,2100.00,15,0,62.5
3302,2400.00,18,0,90.0
3303,2800.00,22,0,88.0
3304,2199.00,21,1,77.8
3305,2300.00,17,0,70.8
3306,2200.00,16,0,76.2
3307,1298.00,17,2,77.3
3308,2500.00,19,0,82.6
3309,1799.00,17,1,65.4
3310,2200.00,16,0,66.7
3311,2100.00,15,0,65.2
3312,2300.00,17,0,65.4
3313,1799.00,17,1,73.9
3314,2400.00,18,0,78.3
3315,2300.00,17,0,77.3
3316,2300.00,17,0,73.9
3317,2500.00,19,0,82.6
3318,1899.00,18,1,72.0
3319,2300.00,17,0,81.0
3320,2300.00,17,0,81.0
3321,1999.00,19,1,82.6
3322,2400.00,18,0,85.7
3323,1900.00,13,0,61.9
3324,2400.00,18,0,72.0
3325,1800.00,12,0,60.0
3326,2500.00,19,0,79.2
3327,1900.00,13,0,65.0
3328,2700.00,21,0,75.0
3329,2000.00,14,0,73.7
3330,2300.00,17,0,68.0
3331,2300.00,17,0,77.3
3332,1399.00,13,1,59.1
3333,2800.00,22,0,88.0
3334,2700.00,21,0,91.3
3335,2600.00,20,0,76.9
3336,1799.00,17,1,73.9
3337,2300.00,17,0,73.9
3338,2000.00,14,0,66.7
3339,2000.00,14,0,70.0
3340,2300.00,17,0,70.8
3341,2400.00,18,0,78.3
3342,2700.00,21,0,77.8
3343,1198.00,16,2,72.7
3344,1198.00,16,2,76.2
3345,2400.00,18,0,90.0
3346,2200.00,16,0,72.7
3347,2000.00,14,0,63.6
